Target;Target_Namespace;Target_Type;Target_Method;Job_Id;Job_AnalyzeLaunchVariance;Job_EvaluateOverhead;Job_MaxAbsoluteError;Job_MaxRelativeError;Job_MinInvokeCount;Job_MinIterationTime;Job_RemoveOutliers;Job_Affinity;Job_Jit;Job_Platform;Job_Runtime;Job_AllowVeryLargeObjects;Job_Concurrent;Job_CpuGroups;Job_Force;Job_HeapAffinitizeMask;Job_HeapCount;Job_NoAffinitize;Job_RetainVm;Job_Server;Job_Arguments;Job_BuildConfiguration;Job_Clock;Job_EngineFactory;Job_EnvironmentVariables;Job_Toolchain;Job_IsBaseline;Job_InvocationCount;Job_IterationTime;Job_LaunchCount;Job_RunStrategy;Job_TargetCount;Job_UnrollFactor;Job_WarmupCount;Job_Display;Params;Measurement_LaunchIndex;Measurement_IterationMode;Measurement_IterationIndex;Measurement_Nanoseconds;Measurement_Operations;Measurement_Value
Program.BenchmarkMatrixClass;StructVsClass_MethodParameter_PassByReference;Program;BenchmarkMatrixClass;Default;Default;Default;Default;Default;Default;Default;Default;Default;Default;Default;Default;Default;Default;Default;Default;Default;Default;Default;Default;Default;Default;Default;Default;Default;Default;Default;Default;Default;Default;Default;Default;Default;Default;Default;DefaultJob;;1;Pilot;1;198700;16;12418.75
Program.BenchmarkMatrixClass;StructVsClass_MethodParameter_PassByReference;Program;BenchmarkMatrixClass;Default;Default;Default;Default;Default;Default;Default;Default;Default;Default;Default;Default;Default;Default;Default;Default;Default;Default;Default;Default;Default;Default;Default;Default;Default;Default;Default;Default;Default;Default;Default;Default;Default;Default;Default;DefaultJob;;1;Pilot;2;5900;32;184.38
Program.BenchmarkMatrixClass;StructVsClass_MethodParameter_PassByReference;Program;BenchmarkMatrixClass;Default;Default;Default;Default;Default;Default;Default;Default;Default;Default;Default;Default;Default;Default;Default;Default;Default;Default;Default;Default;Default;Default;Default;Default;Default;Default;Default;Default;Default;Default;Default;Default;Default;Default;Default;DefaultJob;;1;Pilot;3;3700;64;57.81
Program.BenchmarkMatrixClass;StructVsClass_MethodParameter_PassByReference;Program;BenchmarkMatrixClass;Default;Default;Default;Default;Default;Default;Default;Default;Default;Default;Default;Default;Default;Default;Default;Default;Default;Default;Default;Default;Default;Default;Default;Default;Default;Default;Default;Default;Default;Default;Default;Default;Default;Default;Default;DefaultJob;;1;Pilot;4;2800;128;21.88
Program.BenchmarkMatrixClass;StructVsClass_MethodParameter_PassByReference;Program;BenchmarkMatrixClass;Default;Default;Default;Default;Default;Default;Default;Default;Default;Default;Default;Default;Default;Default;Default;Default;Default;Default;Default;Default;Default;Default;Default;Default;Default;Default;Default;Default;Default;Default;Default;Default;Default;Default;Default;DefaultJob;;1;Pilot;5;6800;256;26.56
Program.BenchmarkMatrixClass;StructVsClass_MethodParameter_PassByReference;Program;BenchmarkMatrixClass;Default;Default;Default;Default;Default;Default;Default;Default;Default;Default;Default;Default;Default;Default;Default;Default;Default;Default;Default;Default;Default;Default;Default;Default;Default;Default;Default;Default;Default;Default;Default;Default;Default;Default;Default;DefaultJob;;1;Pilot;6;16000;512;31.25
Program.BenchmarkMatrixClass;StructVsClass_MethodParameter_PassByReference;Program;BenchmarkMatrixClass;Default;Default;Default;Default;Default;Default;Default;Default;Default;Default;Default;Default;Default;Default;Default;Default;Default;Default;Default;Default;Default;Default;Default;Default;Default;Default;Default;Default;Default;Default;Default;Default;Default;Default;Default;DefaultJob;;1;Pilot;7;21800;1024;21.29
Program.BenchmarkMatrixClass;StructVsClass_MethodParameter_PassByReference;Program;BenchmarkMatrixClass;Default;Default;Default;Default;Default;Default;Default;Default;Default;Default;Default;Default;Default;Default;Default;Default;Default;Default;Default;Default;Default;Default;Default;Default;Default;Default;Default;Default;Default;Default;Default;Default;Default;Default;Default;DefaultJob;;1;Pilot;8;63200;2048;30.86
Program.BenchmarkMatrixClass;StructVsClass_MethodParameter_PassByReference;Program;BenchmarkMatrixClass;Default;Default;Default;Default;Default;Default;Default;Default;Default;Default;Default;Default;Default;Default;Default;Default;Default;Default;Default;Default;Default;Default;Default;Default;Default;Default;Default;Default;Default;Default;Default;Default;Default;Default;Default;DefaultJob;;1;Pilot;9;58100;4096;14.18
Program.BenchmarkMatrixClass;StructVsClass_MethodParameter_PassByReference;Program;BenchmarkMatrixClass;Default;Default;Default;Default;Default;Default;Default;Default;Default;Default;Default;Default;Default;Default;Default;Default;Default;Default;Default;Default;Default;Default;Default;Default;Default;Default;Default;Default;Default;Default;Default;Default;Default;Default;Default;DefaultJob;;1;Pilot;10;289800;8192;35.38
Program.BenchmarkMatrixClass;StructVsClass_MethodParameter_PassByReference;Program;BenchmarkMatrixClass;Default;Default;Default;Default;Default;Default;Default;Default;Default;Default;Default;Default;Default;Default;Default;Default;Default;Default;Default;Default;Default;Default;Default;Default;Default;Default;Default;Default;Default;Default;Default;Default;Default;Default;Default;DefaultJob;;1;Pilot;11;755400;16384;46.11
Program.BenchmarkMatrixClass;StructVsClass_MethodParameter_PassByReference;Program;BenchmarkMatrixClass;Default;Default;Default;Default;Default;Default;Default;Default;Default;Default;Default;Default;Default;Default;Default;Default;Default;Default;Default;Default;Default;Default;Default;Default;Default;Default;Default;Default;Default;Default;Default;Default;Default;Default;Default;DefaultJob;;1;Pilot;12;922900;32768;28.16
Program.BenchmarkMatrixClass;StructVsClass_MethodParameter_PassByReference;Program;BenchmarkMatrixClass;Default;Default;Default;Default;Default;Default;Default;Default;Default;Default;Default;Default;Default;Default;Default;Default;Default;Default;Default;Default;Default;Default;Default;Default;Default;Default;Default;Default;Default;Default;Default;Default;Default;Default;Default;DefaultJob;;1;Pilot;13;1059500;65536;16.17
Program.BenchmarkMatrixClass;StructVsClass_MethodParameter_PassByReference;Program;BenchmarkMatrixClass;Default;Default;Default;Default;Default;Default;Default;Default;Default;Default;Default;Default;Default;Default;Default;Default;Default;Default;Default;Default;Default;Default;Default;Default;Default;Default;Default;Default;Default;Default;Default;Default;Default;Default;Default;DefaultJob;;1;Pilot;14;2250600;131072;17.17
Program.BenchmarkMatrixClass;StructVsClass_MethodParameter_PassByReference;Program;BenchmarkMatrixClass;Default;Default;Default;Default;Default;Default;Default;Default;Default;Default;Default;Default;Default;Default;Default;Default;Default;Default;Default;Default;Default;Default;Default;Default;Default;Default;Default;Default;Default;Default;Default;Default;Default;Default;Default;DefaultJob;;1;Pilot;15;3378700;262144;12.89
Program.BenchmarkMatrixClass;StructVsClass_MethodParameter_PassByReference;Program;BenchmarkMatrixClass;Default;Default;Default;Default;Default;Default;Default;Default;Default;Default;Default;Default;Default;Default;Default;Default;Default;Default;Default;Default;Default;Default;Default;Default;Default;Default;Default;Default;Default;Default;Default;Default;Default;Default;Default;DefaultJob;;1;Pilot;16;10911800;524288;20.81
Program.BenchmarkMatrixClass;StructVsClass_MethodParameter_PassByReference;Program;BenchmarkMatrixClass;Default;Default;Default;Default;Default;Default;Default;Default;Default;Default;Default;Default;Default;Default;Default;Default;Default;Default;Default;Default;Default;Default;Default;Default;Default;Default;Default;Default;Default;Default;Default;Default;Default;Default;Default;DefaultJob;;1;Pilot;17;16995700;1048576;16.21
Program.BenchmarkMatrixClass;StructVsClass_MethodParameter_PassByReference;Program;BenchmarkMatrixClass;Default;Default;Default;Default;Default;Default;Default;Default;Default;Default;Default;Default;Default;Default;Default;Default;Default;Default;Default;Default;Default;Default;Default;Default;Default;Default;Default;Default;Default;Default;Default;Default;Default;Default;Default;DefaultJob;;1;Pilot;18;35091100;2097152;16.73
Program.BenchmarkMatrixClass;StructVsClass_MethodParameter_PassByReference;Program;BenchmarkMatrixClass;Default;Default;Default;Default;Default;Default;Default;Default;Default;Default;Default;Default;Default;Default;Default;Default;Default;Default;Default;Default;Default;Default;Default;Default;Default;Default;Default;Default;Default;Default;Default;Default;Default;Default;Default;DefaultJob;;1;Pilot;19;56687100;4194304;13.52
Program.BenchmarkMatrixClass;StructVsClass_MethodParameter_PassByReference;Program;BenchmarkMatrixClass;Default;Default;Default;Default;Default;Default;Default;Default;Default;Default;Default;Default;Default;Default;Default;Default;Default;Default;Default;Default;Default;Default;Default;Default;Default;Default;Default;Default;Default;Default;Default;Default;Default;Default;Default;DefaultJob;;1;Pilot;20;102262600;8388608;12.19
Program.BenchmarkMatrixClass;StructVsClass_MethodParameter_PassByReference;Program;BenchmarkMatrixClass;Default;Default;Default;Default;Default;Default;Default;Default;Default;Default;Default;Default;Default;Default;Default;Default;Default;Default;Default;Default;Default;Default;Default;Default;Default;Default;Default;Default;Default;Default;Default;Default;Default;Default;Default;DefaultJob;;1;Pilot;21;199885600;16777216;11.91
Program.BenchmarkMatrixClass;StructVsClass_MethodParameter_PassByReference;Program;BenchmarkMatrixClass;Default;Default;Default;Default;Default;Default;Default;Default;Default;Default;Default;Default;Default;Default;Default;Default;Default;Default;Default;Default;Default;Default;Default;Default;Default;Default;Default;Default;Default;Default;Default;Default;Default;Default;Default;DefaultJob;;1;Pilot;22;413349500;33554432;12.32
Program.BenchmarkMatrixClass;StructVsClass_MethodParameter_PassByReference;Program;BenchmarkMatrixClass;Default;Default;Default;Default;Default;Default;Default;Default;Default;Default;Default;Default;Default;Default;Default;Default;Default;Default;Default;Default;Default;Default;Default;Default;Default;Default;Default;Default;Default;Default;Default;Default;Default;Default;Default;DefaultJob;;1;Pilot;23;778366200;67108864;11.6
Program.BenchmarkMatrixClass;StructVsClass_MethodParameter_PassByReference;Program;BenchmarkMatrixClass;Default;Default;Default;Default;Default;Default;Default;Default;Default;Default;Default;Default;Default;Default;Default;Default;Default;Default;Default;Default;Default;Default;Default;Default;Default;Default;Default;Default;Default;Default;Default;Default;Default;Default;Default;DefaultJob;;1;IdleWarmup;1;152467700;67108864;2.27
Program.BenchmarkMatrixClass;StructVsClass_MethodParameter_PassByReference;Program;BenchmarkMatrixClass;Default;Default;Default;Default;Default;Default;Default;Default;Default;Default;Default;Default;Default;Default;Default;Default;Default;Default;Default;Default;Default;Default;Default;Default;Default;Default;Default;Default;Default;Default;Default;Default;Default;Default;Default;DefaultJob;;1;IdleWarmup;2;153884200;67108864;2.29
Program.BenchmarkMatrixClass;StructVsClass_MethodParameter_PassByReference;Program;BenchmarkMatrixClass;Default;Default;Default;Default;Default;Default;Default;Default;Default;Default;Default;Default;Default;Default;Default;Default;Default;Default;Default;Default;Default;Default;Default;Default;Default;Default;Default;Default;Default;Default;Default;Default;Default;Default;Default;DefaultJob;;1;IdleWarmup;3;151914400;67108864;2.26
Program.BenchmarkMatrixClass;StructVsClass_MethodParameter_PassByReference;Program;BenchmarkMatrixClass;Default;Default;Default;Default;Default;Default;Default;Default;Default;Default;Default;Default;Default;Default;Default;Default;Default;Default;Default;Default;Default;Default;Default;Default;Default;Default;Default;Default;Default;Default;Default;Default;Default;Default;Default;DefaultJob;;1;IdleWarmup;4;154295100;67108864;2.3
Program.BenchmarkMatrixClass;StructVsClass_MethodParameter_PassByReference;Program;BenchmarkMatrixClass;Default;Default;Default;Default;Default;Default;Default;Default;Default;Default;Default;Default;Default;Default;Default;Default;Default;Default;Default;Default;Default;Default;Default;Default;Default;Default;Default;Default;Default;Default;Default;Default;Default;Default;Default;DefaultJob;;1;IdleWarmup;5;154823900;67108864;2.31
Program.BenchmarkMatrixClass;StructVsClass_MethodParameter_PassByReference;Program;BenchmarkMatrixClass;Default;Default;Default;Default;Default;Default;Default;Default;Default;Default;Default;Default;Default;Default;Default;Default;Default;Default;Default;Default;Default;Default;Default;Default;Default;Default;Default;Default;Default;Default;Default;Default;Default;Default;Default;DefaultJob;;1;IdleWarmup;6;154298200;67108864;2.3
Program.BenchmarkMatrixClass;StructVsClass_MethodParameter_PassByReference;Program;BenchmarkMatrixClass;Default;Default;Default;Default;Default;Default;Default;Default;Default;Default;Default;Default;Default;Default;Default;Default;Default;Default;Default;Default;Default;Default;Default;Default;Default;Default;Default;Default;Default;Default;Default;Default;Default;Default;Default;DefaultJob;;1;IdleTarget;1;155181000;67108864;2.31
Program.BenchmarkMatrixClass;StructVsClass_MethodParameter_PassByReference;Program;BenchmarkMatrixClass;Default;Default;Default;Default;Default;Default;Default;Default;Default;Default;Default;Default;Default;Default;Default;Default;Default;Default;Default;Default;Default;Default;Default;Default;Default;Default;Default;Default;Default;Default;Default;Default;Default;Default;Default;DefaultJob;;1;IdleTarget;2;153348600;67108864;2.29
Program.BenchmarkMatrixClass;StructVsClass_MethodParameter_PassByReference;Program;BenchmarkMatrixClass;Default;Default;Default;Default;Default;Default;Default;Default;Default;Default;Default;Default;Default;Default;Default;Default;Default;Default;Default;Default;Default;Default;Default;Default;Default;Default;Default;Default;Default;Default;Default;Default;Default;Default;Default;DefaultJob;;1;IdleTarget;3;153171700;67108864;2.28
Program.BenchmarkMatrixClass;StructVsClass_MethodParameter_PassByReference;Program;BenchmarkMatrixClass;Default;Default;Default;Default;Default;Default;Default;Default;Default;Default;Default;Default;Default;Default;Default;Default;Default;Default;Default;Default;Default;Default;Default;Default;Default;Default;Default;Default;Default;Default;Default;Default;Default;Default;Default;DefaultJob;;1;IdleTarget;4;155016300;67108864;2.31
Program.BenchmarkMatrixClass;StructVsClass_MethodParameter_PassByReference;Program;BenchmarkMatrixClass;Default;Default;Default;Default;Default;Default;Default;Default;Default;Default;Default;Default;Default;Default;Default;Default;Default;Default;Default;Default;Default;Default;Default;Default;Default;Default;Default;Default;Default;Default;Default;Default;Default;Default;Default;DefaultJob;;1;IdleTarget;5;150860400;67108864;2.25
Program.BenchmarkMatrixClass;StructVsClass_MethodParameter_PassByReference;Program;BenchmarkMatrixClass;Default;Default;Default;Default;Default;Default;Default;Default;Default;Default;Default;Default;Default;Default;Default;Default;Default;Default;Default;Default;Default;Default;Default;Default;Default;Default;Default;Default;Default;Default;Default;Default;Default;Default;Default;DefaultJob;;1;IdleTarget;6;151582800;67108864;2.26
Program.BenchmarkMatrixClass;StructVsClass_MethodParameter_PassByReference;Program;BenchmarkMatrixClass;Default;Default;Default;Default;Default;Default;Default;Default;Default;Default;Default;Default;Default;Default;Default;Default;Default;Default;Default;Default;Default;Default;Default;Default;Default;Default;Default;Default;Default;Default;Default;Default;Default;Default;Default;DefaultJob;;1;IdleTarget;7;150762000;67108864;2.25
Program.BenchmarkMatrixClass;StructVsClass_MethodParameter_PassByReference;Program;BenchmarkMatrixClass;Default;Default;Default;Default;Default;Default;Default;Default;Default;Default;Default;Default;Default;Default;Default;Default;Default;Default;Default;Default;Default;Default;Default;Default;Default;Default;Default;Default;Default;Default;Default;Default;Default;Default;Default;DefaultJob;;1;IdleTarget;8;153543200;67108864;2.29
Program.BenchmarkMatrixClass;StructVsClass_MethodParameter_PassByReference;Program;BenchmarkMatrixClass;Default;Default;Default;Default;Default;Default;Default;Default;Default;Default;Default;Default;Default;Default;Default;Default;Default;Default;Default;Default;Default;Default;Default;Default;Default;Default;Default;Default;Default;Default;Default;Default;Default;Default;Default;DefaultJob;;1;IdleTarget;9;153152200;67108864;2.28
Program.BenchmarkMatrixClass;StructVsClass_MethodParameter_PassByReference;Program;BenchmarkMatrixClass;Default;Default;Default;Default;Default;Default;Default;Default;Default;Default;Default;Default;Default;Default;Default;Default;Default;Default;Default;Default;Default;Default;Default;Default;Default;Default;Default;Default;Default;Default;Default;Default;Default;Default;Default;DefaultJob;;1;IdleTarget;10;154113400;67108864;2.3
Program.BenchmarkMatrixClass;StructVsClass_MethodParameter_PassByReference;Program;BenchmarkMatrixClass;Default;Default;Default;Default;Default;Default;Default;Default;Default;Default;Default;Default;Default;Default;Default;Default;Default;Default;Default;Default;Default;Default;Default;Default;Default;Default;Default;Default;Default;Default;Default;Default;Default;Default;Default;DefaultJob;;1;IdleTarget;11;153881600;67108864;2.29
Program.BenchmarkMatrixClass;StructVsClass_MethodParameter_PassByReference;Program;BenchmarkMatrixClass;Default;Default;Default;Default;Default;Default;Default;Default;Default;Default;Default;Default;Default;Default;Default;Default;Default;Default;Default;Default;Default;Default;Default;Default;Default;Default;Default;Default;Default;Default;Default;Default;Default;Default;Default;DefaultJob;;1;IdleTarget;12;154035300;67108864;2.3
Program.BenchmarkMatrixClass;StructVsClass_MethodParameter_PassByReference;Program;BenchmarkMatrixClass;Default;Default;Default;Default;Default;Default;Default;Default;Default;Default;Default;Default;Default;Default;Default;Default;Default;Default;Default;Default;Default;Default;Default;Default;Default;Default;Default;Default;Default;Default;Default;Default;Default;Default;Default;DefaultJob;;1;IdleTarget;13;157426400;67108864;2.35
Program.BenchmarkMatrixClass;StructVsClass_MethodParameter_PassByReference;Program;BenchmarkMatrixClass;Default;Default;Default;Default;Default;Default;Default;Default;Default;Default;Default;Default;Default;Default;Default;Default;Default;Default;Default;Default;Default;Default;Default;Default;Default;Default;Default;Default;Default;Default;Default;Default;Default;Default;Default;DefaultJob;;1;IdleTarget;14;151650900;67108864;2.26
Program.BenchmarkMatrixClass;StructVsClass_MethodParameter_PassByReference;Program;BenchmarkMatrixClass;Default;Default;Default;Default;Default;Default;Default;Default;Default;Default;Default;Default;Default;Default;Default;Default;Default;Default;Default;Default;Default;Default;Default;Default;Default;Default;Default;Default;Default;Default;Default;Default;Default;Default;Default;DefaultJob;;1;IdleTarget;15;154214400;67108864;2.3
Program.BenchmarkMatrixClass;StructVsClass_MethodParameter_PassByReference;Program;BenchmarkMatrixClass;Default;Default;Default;Default;Default;Default;Default;Default;Default;Default;Default;Default;Default;Default;Default;Default;Default;Default;Default;Default;Default;Default;Default;Default;Default;Default;Default;Default;Default;Default;Default;Default;Default;Default;Default;DefaultJob;;1;MainWarmup;1;780616400;67108864;11.63
Program.BenchmarkMatrixClass;StructVsClass_MethodParameter_PassByReference;Program;BenchmarkMatrixClass;Default;Default;Default;Default;Default;Default;Default;Default;Default;Default;Default;Default;Default;Default;Default;Default;Default;Default;Default;Default;Default;Default;Default;Default;Default;Default;Default;Default;Default;Default;Default;Default;Default;Default;Default;DefaultJob;;1;MainWarmup;2;776093500;67108864;11.56
Program.BenchmarkMatrixClass;StructVsClass_MethodParameter_PassByReference;Program;BenchmarkMatrixClass;Default;Default;Default;Default;Default;Default;Default;Default;Default;Default;Default;Default;Default;Default;Default;Default;Default;Default;Default;Default;Default;Default;Default;Default;Default;Default;Default;Default;Default;Default;Default;Default;Default;Default;Default;DefaultJob;;1;MainWarmup;3;774731000;67108864;11.54
Program.BenchmarkMatrixClass;StructVsClass_MethodParameter_PassByReference;Program;BenchmarkMatrixClass;Default;Default;Default;Default;Default;Default;Default;Default;Default;Default;Default;Default;Default;Default;Default;Default;Default;Default;Default;Default;Default;Default;Default;Default;Default;Default;Default;Default;Default;Default;Default;Default;Default;Default;Default;DefaultJob;;1;MainWarmup;4;790553100;67108864;11.78
Program.BenchmarkMatrixClass;StructVsClass_MethodParameter_PassByReference;Program;BenchmarkMatrixClass;Default;Default;Default;Default;Default;Default;Default;Default;Default;Default;Default;Default;Default;Default;Default;Default;Default;Default;Default;Default;Default;Default;Default;Default;Default;Default;Default;Default;Default;Default;Default;Default;Default;Default;Default;DefaultJob;;1;MainWarmup;5;775735100;67108864;11.56
Program.BenchmarkMatrixClass;StructVsClass_MethodParameter_PassByReference;Program;BenchmarkMatrixClass;Default;Default;Default;Default;Default;Default;Default;Default;Default;Default;Default;Default;Default;Default;Default;Default;Default;Default;Default;Default;Default;Default;Default;Default;Default;Default;Default;Default;Default;Default;Default;Default;Default;Default;Default;DefaultJob;;1;MainWarmup;6;776279400;67108864;11.57
Program.BenchmarkMatrixClass;StructVsClass_MethodParameter_PassByReference;Program;BenchmarkMatrixClass;Default;Default;Default;Default;Default;Default;Default;Default;Default;Default;Default;Default;Default;Default;Default;Default;Default;Default;Default;Default;Default;Default;Default;Default;Default;Default;Default;Default;Default;Default;Default;Default;Default;Default;Default;DefaultJob;;1;MainWarmup;7;774184800;67108864;11.54
Program.BenchmarkMatrixClass;StructVsClass_MethodParameter_PassByReference;Program;BenchmarkMatrixClass;Default;Default;Default;Default;Default;Default;Default;Default;Default;Default;Default;Default;Default;Default;Default;Default;Default;Default;Default;Default;Default;Default;Default;Default;Default;Default;Default;Default;Default;Default;Default;Default;Default;Default;Default;DefaultJob;;1;MainTarget;1;778888100;67108864;11.61
Program.BenchmarkMatrixClass;StructVsClass_MethodParameter_PassByReference;Program;BenchmarkMatrixClass;Default;Default;Default;Default;Default;Default;Default;Default;Default;Default;Default;Default;Default;Default;Default;Default;Default;Default;Default;Default;Default;Default;Default;Default;Default;Default;Default;Default;Default;Default;Default;Default;Default;Default;Default;DefaultJob;;1;MainTarget;2;777336400;67108864;11.58
Program.BenchmarkMatrixClass;StructVsClass_MethodParameter_PassByReference;Program;BenchmarkMatrixClass;Default;Default;Default;Default;Default;Default;Default;Default;Default;Default;Default;Default;Default;Default;Default;Default;Default;Default;Default;Default;Default;Default;Default;Default;Default;Default;Default;Default;Default;Default;Default;Default;Default;Default;Default;DefaultJob;;1;MainTarget;3;778716100;67108864;11.6
Program.BenchmarkMatrixClass;StructVsClass_MethodParameter_PassByReference;Program;BenchmarkMatrixClass;Default;Default;Default;Default;Default;Default;Default;Default;Default;Default;Default;Default;Default;Default;Default;Default;Default;Default;Default;Default;Default;Default;Default;Default;Default;Default;Default;Default;Default;Default;Default;Default;Default;Default;Default;DefaultJob;;1;MainTarget;4;780821100;67108864;11.64
Program.BenchmarkMatrixClass;StructVsClass_MethodParameter_PassByReference;Program;BenchmarkMatrixClass;Default;Default;Default;Default;Default;Default;Default;Default;Default;Default;Default;Default;Default;Default;Default;Default;Default;Default;Default;Default;Default;Default;Default;Default;Default;Default;Default;Default;Default;Default;Default;Default;Default;Default;Default;DefaultJob;;1;MainTarget;5;776611700;67108864;11.57
Program.BenchmarkMatrixClass;StructVsClass_MethodParameter_PassByReference;Program;BenchmarkMatrixClass;Default;Default;Default;Default;Default;Default;Default;Default;Default;Default;Default;Default;Default;Default;Default;Default;Default;Default;Default;Default;Default;Default;Default;Default;Default;Default;Default;Default;Default;Default;Default;Default;Default;Default;Default;DefaultJob;;1;MainTarget;6;799812900;67108864;11.92
Program.BenchmarkMatrixClass;StructVsClass_MethodParameter_PassByReference;Program;BenchmarkMatrixClass;Default;Default;Default;Default;Default;Default;Default;Default;Default;Default;Default;Default;Default;Default;Default;Default;Default;Default;Default;Default;Default;Default;Default;Default;Default;Default;Default;Default;Default;Default;Default;Default;Default;Default;Default;DefaultJob;;1;MainTarget;7;775311000;67108864;11.55
Program.BenchmarkMatrixClass;StructVsClass_MethodParameter_PassByReference;Program;BenchmarkMatrixClass;Default;Default;Default;Default;Default;Default;Default;Default;Default;Default;Default;Default;Default;Default;Default;Default;Default;Default;Default;Default;Default;Default;Default;Default;Default;Default;Default;Default;Default;Default;Default;Default;Default;Default;Default;DefaultJob;;1;MainTarget;8;776550100;67108864;11.57
Program.BenchmarkMatrixClass;StructVsClass_MethodParameter_PassByReference;Program;BenchmarkMatrixClass;Default;Default;Default;Default;Default;Default;Default;Default;Default;Default;Default;Default;Default;Default;Default;Default;Default;Default;Default;Default;Default;Default;Default;Default;Default;Default;Default;Default;Default;Default;Default;Default;Default;Default;Default;DefaultJob;;1;MainTarget;9;776185700;67108864;11.57
Program.BenchmarkMatrixClass;StructVsClass_MethodParameter_PassByReference;Program;BenchmarkMatrixClass;Default;Default;Default;Default;Default;Default;Default;Default;Default;Default;Default;Default;Default;Default;Default;Default;Default;Default;Default;Default;Default;Default;Default;Default;Default;Default;Default;Default;Default;Default;Default;Default;Default;Default;Default;DefaultJob;;1;MainTarget;10;775492500;67108864;11.56
Program.BenchmarkMatrixClass;StructVsClass_MethodParameter_PassByReference;Program;BenchmarkMatrixClass;Default;Default;Default;Default;Default;Default;Default;Default;Default;Default;Default;Default;Default;Default;Default;Default;Default;Default;Default;Default;Default;Default;Default;Default;Default;Default;Default;Default;Default;Default;Default;Default;Default;Default;Default;DefaultJob;;1;MainTarget;11;773822600;67108864;11.53
Program.BenchmarkMatrixClass;StructVsClass_MethodParameter_PassByReference;Program;BenchmarkMatrixClass;Default;Default;Default;Default;Default;Default;Default;Default;Default;Default;Default;Default;Default;Default;Default;Default;Default;Default;Default;Default;Default;Default;Default;Default;Default;Default;Default;Default;Default;Default;Default;Default;Default;Default;Default;DefaultJob;;1;MainTarget;12;776076800;67108864;11.56
Program.BenchmarkMatrixClass;StructVsClass_MethodParameter_PassByReference;Program;BenchmarkMatrixClass;Default;Default;Default;Default;Default;Default;Default;Default;Default;Default;Default;Default;Default;Default;Default;Default;Default;Default;Default;Default;Default;Default;Default;Default;Default;Default;Default;Default;Default;Default;Default;Default;Default;Default;Default;DefaultJob;;1;MainTarget;13;774220500;67108864;11.54
Program.BenchmarkMatrixClass;StructVsClass_MethodParameter_PassByReference;Program;BenchmarkMatrixClass;Default;Default;Default;Default;Default;Default;Default;Default;Default;Default;Default;Default;Default;Default;Default;Default;Default;Default;Default;Default;Default;Default;Default;Default;Default;Default;Default;Default;Default;Default;Default;Default;Default;Default;Default;DefaultJob;;1;MainTarget;14;777324600;67108864;11.58
Program.BenchmarkMatrixClass;StructVsClass_MethodParameter_PassByReference;Program;BenchmarkMatrixClass;Default;Default;Default;Default;Default;Default;Default;Default;Default;Default;Default;Default;Default;Default;Default;Default;Default;Default;Default;Default;Default;Default;Default;Default;Default;Default;Default;Default;Default;Default;Default;Default;Default;Default;Default;DefaultJob;;1;MainTarget;15;787782700;67108864;11.74
Program.BenchmarkMatrixClass;StructVsClass_MethodParameter_PassByReference;Program;BenchmarkMatrixClass;Default;Default;Default;Default;Default;Default;Default;Default;Default;Default;Default;Default;Default;Default;Default;Default;Default;Default;Default;Default;Default;Default;Default;Default;Default;Default;Default;Default;Default;Default;Default;Default;Default;Default;Default;DefaultJob;;1;Result;1;625425420;67108864;9.32
Program.BenchmarkMatrixClass;StructVsClass_MethodParameter_PassByReference;Program;BenchmarkMatrixClass;Default;Default;Default;Default;Default;Default;Default;Default;Default;Default;Default;Default;Default;Default;Default;Default;Default;Default;Default;Default;Default;Default;Default;Default;Default;Default;Default;Default;Default;Default;Default;Default;Default;Default;Default;DefaultJob;;1;Result;2;623873720;67108864;9.3
Program.BenchmarkMatrixClass;StructVsClass_MethodParameter_PassByReference;Program;BenchmarkMatrixClass;Default;Default;Default;Default;Default;Default;Default;Default;Default;Default;Default;Default;Default;Default;Default;Default;Default;Default;Default;Default;Default;Default;Default;Default;Default;Default;Default;Default;Default;Default;Default;Default;Default;Default;Default;DefaultJob;;1;Result;3;625253420;67108864;9.32
Program.BenchmarkMatrixClass;StructVsClass_MethodParameter_PassByReference;Program;BenchmarkMatrixClass;Default;Default;Default;Default;Default;Default;Default;Default;Default;Default;Default;Default;Default;Default;Default;Default;Default;Default;Default;Default;Default;Default;Default;Default;Default;Default;Default;Default;Default;Default;Default;Default;Default;Default;Default;DefaultJob;;1;Result;4;627358420;67108864;9.35
Program.BenchmarkMatrixClass;StructVsClass_MethodParameter_PassByReference;Program;BenchmarkMatrixClass;Default;Default;Default;Default;Default;Default;Default;Default;Default;Default;Default;Default;Default;Default;Default;Default;Default;Default;Default;Default;Default;Default;Default;Default;Default;Default;Default;Default;Default;Default;Default;Default;Default;Default;Default;DefaultJob;;1;Result;5;623149020;67108864;9.29
Program.BenchmarkMatrixClass;StructVsClass_MethodParameter_PassByReference;Program;BenchmarkMatrixClass;Default;Default;Default;Default;Default;Default;Default;Default;Default;Default;Default;Default;Default;Default;Default;Default;Default;Default;Default;Default;Default;Default;Default;Default;Default;Default;Default;Default;Default;Default;Default;Default;Default;Default;Default;DefaultJob;;1;Result;6;621848320;67108864;9.27
Program.BenchmarkMatrixClass;StructVsClass_MethodParameter_PassByReference;Program;BenchmarkMatrixClass;Default;Default;Default;Default;Default;Default;Default;Default;Default;Default;Default;Default;Default;Default;Default;Default;Default;Default;Default;Default;Default;Default;Default;Default;Default;Default;Default;Default;Default;Default;Default;Default;Default;Default;Default;DefaultJob;;1;Result;7;623087420;67108864;9.28
Program.BenchmarkMatrixClass;StructVsClass_MethodParameter_PassByReference;Program;BenchmarkMatrixClass;Default;Default;Default;Default;Default;Default;Default;Default;Default;Default;Default;Default;Default;Default;Default;Default;Default;Default;Default;Default;Default;Default;Default;Default;Default;Default;Default;Default;Default;Default;Default;Default;Default;Default;Default;DefaultJob;;1;Result;8;622723020;67108864;9.28
Program.BenchmarkMatrixClass;StructVsClass_MethodParameter_PassByReference;Program;BenchmarkMatrixClass;Default;Default;Default;Default;Default;Default;Default;Default;Default;Default;Default;Default;Default;Default;Default;Default;Default;Default;Default;Default;Default;Default;Default;Default;Default;Default;Default;Default;Default;Default;Default;Default;Default;Default;Default;DefaultJob;;1;Result;9;622029820;67108864;9.27
Program.BenchmarkMatrixClass;StructVsClass_MethodParameter_PassByReference;Program;BenchmarkMatrixClass;Default;Default;Default;Default;Default;Default;Default;Default;Default;Default;Default;Default;Default;Default;Default;Default;Default;Default;Default;Default;Default;Default;Default;Default;Default;Default;Default;Default;Default;Default;Default;Default;Default;Default;Default;DefaultJob;;1;Result;10;620359920;67108864;9.24
Program.BenchmarkMatrixClass;StructVsClass_MethodParameter_PassByReference;Program;BenchmarkMatrixClass;Default;Default;Default;Default;Default;Default;Default;Default;Default;Default;Default;Default;Default;Default;Default;Default;Default;Default;Default;Default;Default;Default;Default;Default;Default;Default;Default;Default;Default;Default;Default;Default;Default;Default;Default;DefaultJob;;1;Result;11;622614120;67108864;9.28
Program.BenchmarkMatrixClass;StructVsClass_MethodParameter_PassByReference;Program;BenchmarkMatrixClass;Default;Default;Default;Default;Default;Default;Default;Default;Default;Default;Default;Default;Default;Default;Default;Default;Default;Default;Default;Default;Default;Default;Default;Default;Default;Default;Default;Default;Default;Default;Default;Default;Default;Default;Default;DefaultJob;;1;Result;12;620757820;67108864;9.25
Program.BenchmarkMatrixClass;StructVsClass_MethodParameter_PassByReference;Program;BenchmarkMatrixClass;Default;Default;Default;Default;Default;Default;Default;Default;Default;Default;Default;Default;Default;Default;Default;Default;Default;Default;Default;Default;Default;Default;Default;Default;Default;Default;Default;Default;Default;Default;Default;Default;Default;Default;Default;DefaultJob;;1;Result;13;623861920;67108864;9.3
Program.BenchmarkMatrixStructByRef;StructVsClass_MethodParameter_PassByReference;Program;BenchmarkMatrixStructByRef;Default;Default;Default;Default;Default;Default;Default;Default;Default;Default;Default;Default;Default;Default;Default;Default;Default;Default;Default;Default;Default;Default;Default;Default;Default;Default;Default;Default;Default;Default;Default;Default;Default;Default;Default;DefaultJob;;1;Pilot;1;199900;16;12493.75
Program.BenchmarkMatrixStructByRef;StructVsClass_MethodParameter_PassByReference;Program;BenchmarkMatrixStructByRef;Default;Default;Default;Default;Default;Default;Default;Default;Default;Default;Default;Default;Default;Default;Default;Default;Default;Default;Default;Default;Default;Default;Default;Default;Default;Default;Default;Default;Default;Default;Default;Default;Default;Default;Default;DefaultJob;;1;Pilot;2;4500;32;140.63
Program.BenchmarkMatrixStructByRef;StructVsClass_MethodParameter_PassByReference;Program;BenchmarkMatrixStructByRef;Default;Default;Default;Default;Default;Default;Default;Default;Default;Default;Default;Default;Default;Default;Default;Default;Default;Default;Default;Default;Default;Default;Default;Default;Default;Default;Default;Default;Default;Default;Default;Default;Default;Default;Default;DefaultJob;;1;Pilot;3;2500;64;39.06
Program.BenchmarkMatrixStructByRef;StructVsClass_MethodParameter_PassByReference;Program;BenchmarkMatrixStructByRef;Default;Default;Default;Default;Default;Default;Default;Default;Default;Default;Default;Default;Default;Default;Default;Default;Default;Default;Default;Default;Default;Default;Default;Default;Default;Default;Default;Default;Default;Default;Default;Default;Default;Default;Default;DefaultJob;;1;Pilot;4;2900;128;22.66
Program.BenchmarkMatrixStructByRef;StructVsClass_MethodParameter_PassByReference;Program;BenchmarkMatrixStructByRef;Default;Default;Default;Default;Default;Default;Default;Default;Default;Default;Default;Default;Default;Default;Default;Default;Default;Default;Default;Default;Default;Default;Default;Default;Default;Default;Default;Default;Default;Default;Default;Default;Default;Default;Default;DefaultJob;;1;Pilot;5;7100;256;27.73
Program.BenchmarkMatrixStructByRef;StructVsClass_MethodParameter_PassByReference;Program;BenchmarkMatrixStructByRef;Default;Default;Default;Default;Default;Default;Default;Default;Default;Default;Default;Default;Default;Default;Default;Default;Default;Default;Default;Default;Default;Default;Default;Default;Default;Default;Default;Default;Default;Default;Default;Default;Default;Default;Default;DefaultJob;;1;Pilot;6;9600;512;18.75
Program.BenchmarkMatrixStructByRef;StructVsClass_MethodParameter_PassByReference;Program;BenchmarkMatrixStructByRef;Default;Default;Default;Default;Default;Default;Default;Default;Default;Default;Default;Default;Default;Default;Default;Default;Default;Default;Default;Default;Default;Default;Default;Default;Default;Default;Default;Default;Default;Default;Default;Default;Default;Default;Default;DefaultJob;;1;Pilot;7;15800;1024;15.43
Program.BenchmarkMatrixStructByRef;StructVsClass_MethodParameter_PassByReference;Program;BenchmarkMatrixStructByRef;Default;Default;Default;Default;Default;Default;Default;Default;Default;Default;Default;Default;Default;Default;Default;Default;Default;Default;Default;Default;Default;Default;Default;Default;Default;Default;Default;Default;Default;Default;Default;Default;Default;Default;Default;DefaultJob;;1;Pilot;8;31000;2048;15.14
Program.BenchmarkMatrixStructByRef;StructVsClass_MethodParameter_PassByReference;Program;BenchmarkMatrixStructByRef;Default;Default;Default;Default;Default;Default;Default;Default;Default;Default;Default;Default;Default;Default;Default;Default;Default;Default;Default;Default;Default;Default;Default;Default;Default;Default;Default;Default;Default;Default;Default;Default;Default;Default;Default;DefaultJob;;1;Pilot;9;59600;4096;14.55
Program.BenchmarkMatrixStructByRef;StructVsClass_MethodParameter_PassByReference;Program;BenchmarkMatrixStructByRef;Default;Default;Default;Default;Default;Default;Default;Default;Default;Default;Default;Default;Default;Default;Default;Default;Default;Default;Default;Default;Default;Default;Default;Default;Default;Default;Default;Default;Default;Default;Default;Default;Default;Default;Default;DefaultJob;;1;Pilot;10;120100;8192;14.66
Program.BenchmarkMatrixStructByRef;StructVsClass_MethodParameter_PassByReference;Program;BenchmarkMatrixStructByRef;Default;Default;Default;Default;Default;Default;Default;Default;Default;Default;Default;Default;Default;Default;Default;Default;Default;Default;Default;Default;Default;Default;Default;Default;Default;Default;Default;Default;Default;Default;Default;Default;Default;Default;Default;DefaultJob;;1;Pilot;11;344600;16384;21.03
Program.BenchmarkMatrixStructByRef;StructVsClass_MethodParameter_PassByReference;Program;BenchmarkMatrixStructByRef;Default;Default;Default;Default;Default;Default;Default;Default;Default;Default;Default;Default;Default;Default;Default;Default;Default;Default;Default;Default;Default;Default;Default;Default;Default;Default;Default;Default;Default;Default;Default;Default;Default;Default;Default;DefaultJob;;1;Pilot;12;497900;32768;15.19
Program.BenchmarkMatrixStructByRef;StructVsClass_MethodParameter_PassByReference;Program;BenchmarkMatrixStructByRef;Default;Default;Default;Default;Default;Default;Default;Default;Default;Default;Default;Default;Default;Default;Default;Default;Default;Default;Default;Default;Default;Default;Default;Default;Default;Default;Default;Default;Default;Default;Default;Default;Default;Default;Default;DefaultJob;;1;Pilot;13;894500;65536;13.65
Program.BenchmarkMatrixStructByRef;StructVsClass_MethodParameter_PassByReference;Program;BenchmarkMatrixStructByRef;Default;Default;Default;Default;Default;Default;Default;Default;Default;Default;Default;Default;Default;Default;Default;Default;Default;Default;Default;Default;Default;Default;Default;Default;Default;Default;Default;Default;Default;Default;Default;Default;Default;Default;Default;DefaultJob;;1;Pilot;14;1756700;131072;13.4
Program.BenchmarkMatrixStructByRef;StructVsClass_MethodParameter_PassByReference;Program;BenchmarkMatrixStructByRef;Default;Default;Default;Default;Default;Default;Default;Default;Default;Default;Default;Default;Default;Default;Default;Default;Default;Default;Default;Default;Default;Default;Default;Default;Default;Default;Default;Default;Default;Default;Default;Default;Default;Default;Default;DefaultJob;;1;Pilot;15;3952800;262144;15.08
Program.BenchmarkMatrixStructByRef;StructVsClass_MethodParameter_PassByReference;Program;BenchmarkMatrixStructByRef;Default;Default;Default;Default;Default;Default;Default;Default;Default;Default;Default;Default;Default;Default;Default;Default;Default;Default;Default;Default;Default;Default;Default;Default;Default;Default;Default;Default;Default;Default;Default;Default;Default;Default;Default;DefaultJob;;1;Pilot;16;7919700;524288;15.11
Program.BenchmarkMatrixStructByRef;StructVsClass_MethodParameter_PassByReference;Program;BenchmarkMatrixStructByRef;Default;Default;Default;Default;Default;Default;Default;Default;Default;Default;Default;Default;Default;Default;Default;Default;Default;Default;Default;Default;Default;Default;Default;Default;Default;Default;Default;Default;Default;Default;Default;Default;Default;Default;Default;DefaultJob;;1;Pilot;17;14364500;1048576;13.7
Program.BenchmarkMatrixStructByRef;StructVsClass_MethodParameter_PassByReference;Program;BenchmarkMatrixStructByRef;Default;Default;Default;Default;Default;Default;Default;Default;Default;Default;Default;Default;Default;Default;Default;Default;Default;Default;Default;Default;Default;Default;Default;Default;Default;Default;Default;Default;Default;Default;Default;Default;Default;Default;Default;DefaultJob;;1;Pilot;18;28801400;2097152;13.73
Program.BenchmarkMatrixStructByRef;StructVsClass_MethodParameter_PassByReference;Program;BenchmarkMatrixStructByRef;Default;Default;Default;Default;Default;Default;Default;Default;Default;Default;Default;Default;Default;Default;Default;Default;Default;Default;Default;Default;Default;Default;Default;Default;Default;Default;Default;Default;Default;Default;Default;Default;Default;Default;Default;DefaultJob;;1;Pilot;19;58688700;4194304;13.99
Program.BenchmarkMatrixStructByRef;StructVsClass_MethodParameter_PassByReference;Program;BenchmarkMatrixStructByRef;Default;Default;Default;Default;Default;Default;Default;Default;Default;Default;Default;Default;Default;Default;Default;Default;Default;Default;Default;Default;Default;Default;Default;Default;Default;Default;Default;Default;Default;Default;Default;Default;Default;Default;Default;DefaultJob;;1;Pilot;20;112220400;8388608;13.38
Program.BenchmarkMatrixStructByRef;StructVsClass_MethodParameter_PassByReference;Program;BenchmarkMatrixStructByRef;Default;Default;Default;Default;Default;Default;Default;Default;Default;Default;Default;Default;Default;Default;Default;Default;Default;Default;Default;Default;Default;Default;Default;Default;Default;Default;Default;Default;Default;Default;Default;Default;Default;Default;Default;DefaultJob;;1;Pilot;21;222928100;16777216;13.29
Program.BenchmarkMatrixStructByRef;StructVsClass_MethodParameter_PassByReference;Program;BenchmarkMatrixStructByRef;Default;Default;Default;Default;Default;Default;Default;Default;Default;Default;Default;Default;Default;Default;Default;Default;Default;Default;Default;Default;Default;Default;Default;Default;Default;Default;Default;Default;Default;Default;Default;Default;Default;Default;Default;DefaultJob;;1;Pilot;22;448913700;33554432;13.38
Program.BenchmarkMatrixStructByRef;StructVsClass_MethodParameter_PassByReference;Program;BenchmarkMatrixStructByRef;Default;Default;Default;Default;Default;Default;Default;Default;Default;Default;Default;Default;Default;Default;Default;Default;Default;Default;Default;Default;Default;Default;Default;Default;Default;Default;Default;Default;Default;Default;Default;Default;Default;Default;Default;DefaultJob;;1;Pilot;23;888437100;67108864;13.24
Program.BenchmarkMatrixStructByRef;StructVsClass_MethodParameter_PassByReference;Program;BenchmarkMatrixStructByRef;Default;Default;Default;Default;Default;Default;Default;Default;Default;Default;Default;Default;Default;Default;Default;Default;Default;Default;Default;Default;Default;Default;Default;Default;Default;Default;Default;Default;Default;Default;Default;Default;Default;Default;Default;DefaultJob;;1;IdleWarmup;1;157179600;67108864;2.34
Program.BenchmarkMatrixStructByRef;StructVsClass_MethodParameter_PassByReference;Program;BenchmarkMatrixStructByRef;Default;Default;Default;Default;Default;Default;Default;Default;Default;Default;Default;Default;Default;Default;Default;Default;Default;Default;Default;Default;Default;Default;Default;Default;Default;Default;Default;Default;Default;Default;Default;Default;Default;Default;Default;DefaultJob;;1;IdleWarmup;2;152626500;67108864;2.27
Program.BenchmarkMatrixStructByRef;StructVsClass_MethodParameter_PassByReference;Program;BenchmarkMatrixStructByRef;Default;Default;Default;Default;Default;Default;Default;Default;Default;Default;Default;Default;Default;Default;Default;Default;Default;Default;Default;Default;Default;Default;Default;Default;Default;Default;Default;Default;Default;Default;Default;Default;Default;Default;Default;DefaultJob;;1;IdleWarmup;3;152592200;67108864;2.27
Program.BenchmarkMatrixStructByRef;StructVsClass_MethodParameter_PassByReference;Program;BenchmarkMatrixStructByRef;Default;Default;Default;Default;Default;Default;Default;Default;Default;Default;Default;Default;Default;Default;Default;Default;Default;Default;Default;Default;Default;Default;Default;Default;Default;Default;Default;Default;Default;Default;Default;Default;Default;Default;Default;DefaultJob;;1;IdleWarmup;4;152441600;67108864;2.27
Program.BenchmarkMatrixStructByRef;StructVsClass_MethodParameter_PassByReference;Program;BenchmarkMatrixStructByRef;Default;Default;Default;Default;Default;Default;Default;Default;Default;Default;Default;Default;Default;Default;Default;Default;Default;Default;Default;Default;Default;Default;Default;Default;Default;Default;Default;Default;Default;Default;Default;Default;Default;Default;Default;DefaultJob;;1;IdleWarmup;5;151334500;67108864;2.26
Program.BenchmarkMatrixStructByRef;StructVsClass_MethodParameter_PassByReference;Program;BenchmarkMatrixStructByRef;Default;Default;Default;Default;Default;Default;Default;Default;Default;Default;Default;Default;Default;Default;Default;Default;Default;Default;Default;Default;Default;Default;Default;Default;Default;Default;Default;Default;Default;Default;Default;Default;Default;Default;Default;DefaultJob;;1;IdleWarmup;6;156177600;67108864;2.33
Program.BenchmarkMatrixStructByRef;StructVsClass_MethodParameter_PassByReference;Program;BenchmarkMatrixStructByRef;Default;Default;Default;Default;Default;Default;Default;Default;Default;Default;Default;Default;Default;Default;Default;Default;Default;Default;Default;Default;Default;Default;Default;Default;Default;Default;Default;Default;Default;Default;Default;Default;Default;Default;Default;DefaultJob;;1;IdleWarmup;7;150593000;67108864;2.24
Program.BenchmarkMatrixStructByRef;StructVsClass_MethodParameter_PassByReference;Program;BenchmarkMatrixStructByRef;Default;Default;Default;Default;Default;Default;Default;Default;Default;Default;Default;Default;Default;Default;Default;Default;Default;Default;Default;Default;Default;Default;Default;Default;Default;Default;Default;Default;Default;Default;Default;Default;Default;Default;Default;DefaultJob;;1;IdleWarmup;8;153535000;67108864;2.29
Program.BenchmarkMatrixStructByRef;StructVsClass_MethodParameter_PassByReference;Program;BenchmarkMatrixStructByRef;Default;Default;Default;Default;Default;Default;Default;Default;Default;Default;Default;Default;Default;Default;Default;Default;Default;Default;Default;Default;Default;Default;Default;Default;Default;Default;Default;Default;Default;Default;Default;Default;Default;Default;Default;DefaultJob;;1;IdleWarmup;9;152057400;67108864;2.27
Program.BenchmarkMatrixStructByRef;StructVsClass_MethodParameter_PassByReference;Program;BenchmarkMatrixStructByRef;Default;Default;Default;Default;Default;Default;Default;Default;Default;Default;Default;Default;Default;Default;Default;Default;Default;Default;Default;Default;Default;Default;Default;Default;Default;Default;Default;Default;Default;Default;Default;Default;Default;Default;Default;DefaultJob;;1;IdleTarget;1;151228700;67108864;2.25
Program.BenchmarkMatrixStructByRef;StructVsClass_MethodParameter_PassByReference;Program;BenchmarkMatrixStructByRef;Default;Default;Default;Default;Default;Default;Default;Default;Default;Default;Default;Default;Default;Default;Default;Default;Default;Default;Default;Default;Default;Default;Default;Default;Default;Default;Default;Default;Default;Default;Default;Default;Default;Default;Default;DefaultJob;;1;IdleTarget;2;150990700;67108864;2.25
Program.BenchmarkMatrixStructByRef;StructVsClass_MethodParameter_PassByReference;Program;BenchmarkMatrixStructByRef;Default;Default;Default;Default;Default;Default;Default;Default;Default;Default;Default;Default;Default;Default;Default;Default;Default;Default;Default;Default;Default;Default;Default;Default;Default;Default;Default;Default;Default;Default;Default;Default;Default;Default;Default;DefaultJob;;1;IdleTarget;3;150122600;67108864;2.24
Program.BenchmarkMatrixStructByRef;StructVsClass_MethodParameter_PassByReference;Program;BenchmarkMatrixStructByRef;Default;Default;Default;Default;Default;Default;Default;Default;Default;Default;Default;Default;Default;Default;Default;Default;Default;Default;Default;Default;Default;Default;Default;Default;Default;Default;Default;Default;Default;Default;Default;Default;Default;Default;Default;DefaultJob;;1;IdleTarget;4;155001000;67108864;2.31
Program.BenchmarkMatrixStructByRef;StructVsClass_MethodParameter_PassByReference;Program;BenchmarkMatrixStructByRef;Default;Default;Default;Default;Default;Default;Default;Default;Default;Default;Default;Default;Default;Default;Default;Default;Default;Default;Default;Default;Default;Default;Default;Default;Default;Default;Default;Default;Default;Default;Default;Default;Default;Default;Default;DefaultJob;;1;IdleTarget;5;154055900;67108864;2.3
Program.BenchmarkMatrixStructByRef;StructVsClass_MethodParameter_PassByReference;Program;BenchmarkMatrixStructByRef;Default;Default;Default;Default;Default;Default;Default;Default;Default;Default;Default;Default;Default;Default;Default;Default;Default;Default;Default;Default;Default;Default;Default;Default;Default;Default;Default;Default;Default;Default;Default;Default;Default;Default;Default;DefaultJob;;1;IdleTarget;6;151701000;67108864;2.26
Program.BenchmarkMatrixStructByRef;StructVsClass_MethodParameter_PassByReference;Program;BenchmarkMatrixStructByRef;Default;Default;Default;Default;Default;Default;Default;Default;Default;Default;Default;Default;Default;Default;Default;Default;Default;Default;Default;Default;Default;Default;Default;Default;Default;Default;Default;Default;Default;Default;Default;Default;Default;Default;Default;DefaultJob;;1;IdleTarget;7;153005400;67108864;2.28
Program.BenchmarkMatrixStructByRef;StructVsClass_MethodParameter_PassByReference;Program;BenchmarkMatrixStructByRef;Default;Default;Default;Default;Default;Default;Default;Default;Default;Default;Default;Default;Default;Default;Default;Default;Default;Default;Default;Default;Default;Default;Default;Default;Default;Default;Default;Default;Default;Default;Default;Default;Default;Default;Default;DefaultJob;;1;IdleTarget;8;154100700;67108864;2.3
Program.BenchmarkMatrixStructByRef;StructVsClass_MethodParameter_PassByReference;Program;BenchmarkMatrixStructByRef;Default;Default;Default;Default;Default;Default;Default;Default;Default;Default;Default;Default;Default;Default;Default;Default;Default;Default;Default;Default;Default;Default;Default;Default;Default;Default;Default;Default;Default;Default;Default;Default;Default;Default;Default;DefaultJob;;1;IdleTarget;9;153775800;67108864;2.29
Program.BenchmarkMatrixStructByRef;StructVsClass_MethodParameter_PassByReference;Program;BenchmarkMatrixStructByRef;Default;Default;Default;Default;Default;Default;Default;Default;Default;Default;Default;Default;Default;Default;Default;Default;Default;Default;Default;Default;Default;Default;Default;Default;Default;Default;Default;Default;Default;Default;Default;Default;Default;Default;Default;DefaultJob;;1;IdleTarget;10;153662300;67108864;2.29
Program.BenchmarkMatrixStructByRef;StructVsClass_MethodParameter_PassByReference;Program;BenchmarkMatrixStructByRef;Default;Default;Default;Default;Default;Default;Default;Default;Default;Default;Default;Default;Default;Default;Default;Default;Default;Default;Default;Default;Default;Default;Default;Default;Default;Default;Default;Default;Default;Default;Default;Default;Default;Default;Default;DefaultJob;;1;IdleTarget;11;153957800;67108864;2.29
Program.BenchmarkMatrixStructByRef;StructVsClass_MethodParameter_PassByReference;Program;BenchmarkMatrixStructByRef;Default;Default;Default;Default;Default;Default;Default;Default;Default;Default;Default;Default;Default;Default;Default;Default;Default;Default;Default;Default;Default;Default;Default;Default;Default;Default;Default;Default;Default;Default;Default;Default;Default;Default;Default;DefaultJob;;1;IdleTarget;12;153358700;67108864;2.29
Program.BenchmarkMatrixStructByRef;StructVsClass_MethodParameter_PassByReference;Program;BenchmarkMatrixStructByRef;Default;Default;Default;Default;Default;Default;Default;Default;Default;Default;Default;Default;Default;Default;Default;Default;Default;Default;Default;Default;Default;Default;Default;Default;Default;Default;Default;Default;Default;Default;Default;Default;Default;Default;Default;DefaultJob;;1;IdleTarget;13;152734700;67108864;2.28
Program.BenchmarkMatrixStructByRef;StructVsClass_MethodParameter_PassByReference;Program;BenchmarkMatrixStructByRef;Default;Default;Default;Default;Default;Default;Default;Default;Default;Default;Default;Default;Default;Default;Default;Default;Default;Default;Default;Default;Default;Default;Default;Default;Default;Default;Default;Default;Default;Default;Default;Default;Default;Default;Default;DefaultJob;;1;IdleTarget;14;152039500;67108864;2.27
Program.BenchmarkMatrixStructByRef;StructVsClass_MethodParameter_PassByReference;Program;BenchmarkMatrixStructByRef;Default;Default;Default;Default;Default;Default;Default;Default;Default;Default;Default;Default;Default;Default;Default;Default;Default;Default;Default;Default;Default;Default;Default;Default;Default;Default;Default;Default;Default;Default;Default;Default;Default;Default;Default;DefaultJob;;1;IdleTarget;15;151821000;67108864;2.26
Program.BenchmarkMatrixStructByRef;StructVsClass_MethodParameter_PassByReference;Program;BenchmarkMatrixStructByRef;Default;Default;Default;Default;Default;Default;Default;Default;Default;Default;Default;Default;Default;Default;Default;Default;Default;Default;Default;Default;Default;Default;Default;Default;Default;Default;Default;Default;Default;Default;Default;Default;Default;Default;Default;DefaultJob;;1;MainWarmup;1;888796100;67108864;13.24
Program.BenchmarkMatrixStructByRef;StructVsClass_MethodParameter_PassByReference;Program;BenchmarkMatrixStructByRef;Default;Default;Default;Default;Default;Default;Default;Default;Default;Default;Default;Default;Default;Default;Default;Default;Default;Default;Default;Default;Default;Default;Default;Default;Default;Default;Default;Default;Default;Default;Default;Default;Default;Default;Default;DefaultJob;;1;MainWarmup;2;917943800;67108864;13.68
Program.BenchmarkMatrixStructByRef;StructVsClass_MethodParameter_PassByReference;Program;BenchmarkMatrixStructByRef;Default;Default;Default;Default;Default;Default;Default;Default;Default;Default;Default;Default;Default;Default;Default;Default;Default;Default;Default;Default;Default;Default;Default;Default;Default;Default;Default;Default;Default;Default;Default;Default;Default;Default;Default;DefaultJob;;1;MainWarmup;3;886221300;67108864;13.21
Program.BenchmarkMatrixStructByRef;StructVsClass_MethodParameter_PassByReference;Program;BenchmarkMatrixStructByRef;Default;Default;Default;Default;Default;Default;Default;Default;Default;Default;Default;Default;Default;Default;Default;Default;Default;Default;Default;Default;Default;Default;Default;Default;Default;Default;Default;Default;Default;Default;Default;Default;Default;Default;Default;DefaultJob;;1;MainWarmup;4;891229000;67108864;13.28
Program.BenchmarkMatrixStructByRef;StructVsClass_MethodParameter_PassByReference;Program;BenchmarkMatrixStructByRef;Default;Default;Default;Default;Default;Default;Default;Default;Default;Default;Default;Default;Default;Default;Default;Default;Default;Default;Default;Default;Default;Default;Default;Default;Default;Default;Default;Default;Default;Default;Default;Default;Default;Default;Default;DefaultJob;;1;MainWarmup;5;885507500;67108864;13.2
Program.BenchmarkMatrixStructByRef;StructVsClass_MethodParameter_PassByReference;Program;BenchmarkMatrixStructByRef;Default;Default;Default;Default;Default;Default;Default;Default;Default;Default;Default;Default;Default;Default;Default;Default;Default;Default;Default;Default;Default;Default;Default;Default;Default;Default;Default;Default;Default;Default;Default;Default;Default;Default;Default;DefaultJob;;1;MainWarmup;6;886761000;67108864;13.21
Program.BenchmarkMatrixStructByRef;StructVsClass_MethodParameter_PassByReference;Program;BenchmarkMatrixStructByRef;Default;Default;Default;Default;Default;Default;Default;Default;Default;Default;Default;Default;Default;Default;Default;Default;Default;Default;Default;Default;Default;Default;Default;Default;Default;Default;Default;Default;Default;Default;Default;Default;Default;Default;Default;DefaultJob;;1;MainTarget;1;889194200;67108864;13.25
Program.BenchmarkMatrixStructByRef;StructVsClass_MethodParameter_PassByReference;Program;BenchmarkMatrixStructByRef;Default;Default;Default;Default;Default;Default;Default;Default;Default;Default;Default;Default;Default;Default;Default;Default;Default;Default;Default;Default;Default;Default;Default;Default;Default;Default;Default;Default;Default;Default;Default;Default;Default;Default;Default;DefaultJob;;1;MainTarget;2;884515200;67108864;13.18
Program.BenchmarkMatrixStructByRef;StructVsClass_MethodParameter_PassByReference;Program;BenchmarkMatrixStructByRef;Default;Default;Default;Default;Default;Default;Default;Default;Default;Default;Default;Default;Default;Default;Default;Default;Default;Default;Default;Default;Default;Default;Default;Default;Default;Default;Default;Default;Default;Default;Default;Default;Default;Default;Default;DefaultJob;;1;MainTarget;3;891853500;67108864;13.29
Program.BenchmarkMatrixStructByRef;StructVsClass_MethodParameter_PassByReference;Program;BenchmarkMatrixStructByRef;Default;Default;Default;Default;Default;Default;Default;Default;Default;Default;Default;Default;Default;Default;Default;Default;Default;Default;Default;Default;Default;Default;Default;Default;Default;Default;Default;Default;Default;Default;Default;Default;Default;Default;Default;DefaultJob;;1;MainTarget;4;884725500;67108864;13.18
Program.BenchmarkMatrixStructByRef;StructVsClass_MethodParameter_PassByReference;Program;BenchmarkMatrixStructByRef;Default;Default;Default;Default;Default;Default;Default;Default;Default;Default;Default;Default;Default;Default;Default;Default;Default;Default;Default;Default;Default;Default;Default;Default;Default;Default;Default;Default;Default;Default;Default;Default;Default;Default;Default;DefaultJob;;1;MainTarget;5;886708900;67108864;13.21
Program.BenchmarkMatrixStructByRef;StructVsClass_MethodParameter_PassByReference;Program;BenchmarkMatrixStructByRef;Default;Default;Default;Default;Default;Default;Default;Default;Default;Default;Default;Default;Default;Default;Default;Default;Default;Default;Default;Default;Default;Default;Default;Default;Default;Default;Default;Default;Default;Default;Default;Default;Default;Default;Default;DefaultJob;;1;MainTarget;6;887237000;67108864;13.22
Program.BenchmarkMatrixStructByRef;StructVsClass_MethodParameter_PassByReference;Program;BenchmarkMatrixStructByRef;Default;Default;Default;Default;Default;Default;Default;Default;Default;Default;Default;Default;Default;Default;Default;Default;Default;Default;Default;Default;Default;Default;Default;Default;Default;Default;Default;Default;Default;Default;Default;Default;Default;Default;Default;DefaultJob;;1;MainTarget;7;886056400;67108864;13.2
Program.BenchmarkMatrixStructByRef;StructVsClass_MethodParameter_PassByReference;Program;BenchmarkMatrixStructByRef;Default;Default;Default;Default;Default;Default;Default;Default;Default;Default;Default;Default;Default;Default;Default;Default;Default;Default;Default;Default;Default;Default;Default;Default;Default;Default;Default;Default;Default;Default;Default;Default;Default;Default;Default;DefaultJob;;1;MainTarget;8;887656300;67108864;13.23
Program.BenchmarkMatrixStructByRef;StructVsClass_MethodParameter_PassByReference;Program;BenchmarkMatrixStructByRef;Default;Default;Default;Default;Default;Default;Default;Default;Default;Default;Default;Default;Default;Default;Default;Default;Default;Default;Default;Default;Default;Default;Default;Default;Default;Default;Default;Default;Default;Default;Default;Default;Default;Default;Default;DefaultJob;;1;MainTarget;9;885072100;67108864;13.19
Program.BenchmarkMatrixStructByRef;StructVsClass_MethodParameter_PassByReference;Program;BenchmarkMatrixStructByRef;Default;Default;Default;Default;Default;Default;Default;Default;Default;Default;Default;Default;Default;Default;Default;Default;Default;Default;Default;Default;Default;Default;Default;Default;Default;Default;Default;Default;Default;Default;Default;Default;Default;Default;Default;DefaultJob;;1;MainTarget;10;885126000;67108864;13.19
Program.BenchmarkMatrixStructByRef;StructVsClass_MethodParameter_PassByReference;Program;BenchmarkMatrixStructByRef;Default;Default;Default;Default;Default;Default;Default;Default;Default;Default;Default;Default;Default;Default;Default;Default;Default;Default;Default;Default;Default;Default;Default;Default;Default;Default;Default;Default;Default;Default;Default;Default;Default;Default;Default;DefaultJob;;1;MainTarget;11;885167100;67108864;13.19
Program.BenchmarkMatrixStructByRef;StructVsClass_MethodParameter_PassByReference;Program;BenchmarkMatrixStructByRef;Default;Default;Default;Default;Default;Default;Default;Default;Default;Default;Default;Default;Default;Default;Default;Default;Default;Default;Default;Default;Default;Default;Default;Default;Default;Default;Default;Default;Default;Default;Default;Default;Default;Default;Default;DefaultJob;;1;MainTarget;12;1372726700;67108864;20.46
Program.BenchmarkMatrixStructByRef;StructVsClass_MethodParameter_PassByReference;Program;BenchmarkMatrixStructByRef;Default;Default;Default;Default;Default;Default;Default;Default;Default;Default;Default;Default;Default;Default;Default;Default;Default;Default;Default;Default;Default;Default;Default;Default;Default;Default;Default;Default;Default;Default;Default;Default;Default;Default;Default;DefaultJob;;1;MainTarget;13;892050900;67108864;13.29
Program.BenchmarkMatrixStructByRef;StructVsClass_MethodParameter_PassByReference;Program;BenchmarkMatrixStructByRef;Default;Default;Default;Default;Default;Default;Default;Default;Default;Default;Default;Default;Default;Default;Default;Default;Default;Default;Default;Default;Default;Default;Default;Default;Default;Default;Default;Default;Default;Default;Default;Default;Default;Default;Default;DefaultJob;;1;MainTarget;14;897365100;67108864;13.37
Program.BenchmarkMatrixStructByRef;StructVsClass_MethodParameter_PassByReference;Program;BenchmarkMatrixStructByRef;Default;Default;Default;Default;Default;Default;Default;Default;Default;Default;Default;Default;Default;Default;Default;Default;Default;Default;Default;Default;Default;Default;Default;Default;Default;Default;Default;Default;Default;Default;Default;Default;Default;Default;Default;DefaultJob;;1;MainTarget;15;890753400;67108864;13.27
Program.BenchmarkMatrixStructByRef;StructVsClass_MethodParameter_PassByReference;Program;BenchmarkMatrixStructByRef;Default;Default;Default;Default;Default;Default;Default;Default;Default;Default;Default;Default;Default;Default;Default;Default;Default;Default;Default;Default;Default;Default;Default;Default;Default;Default;Default;Default;Default;Default;Default;Default;Default;Default;Default;DefaultJob;;1;Result;1;736423813.33;67108864;10.97
Program.BenchmarkMatrixStructByRef;StructVsClass_MethodParameter_PassByReference;Program;BenchmarkMatrixStructByRef;Default;Default;Default;Default;Default;Default;Default;Default;Default;Default;Default;Default;Default;Default;Default;Default;Default;Default;Default;Default;Default;Default;Default;Default;Default;Default;Default;Default;Default;Default;Default;Default;Default;Default;Default;DefaultJob;;1;Result;2;731744813.33;67108864;10.9
Program.BenchmarkMatrixStructByRef;StructVsClass_MethodParameter_PassByReference;Program;BenchmarkMatrixStructByRef;Default;Default;Default;Default;Default;Default;Default;Default;Default;Default;Default;Default;Default;Default;Default;Default;Default;Default;Default;Default;Default;Default;Default;Default;Default;Default;Default;Default;Default;Default;Default;Default;Default;Default;Default;DefaultJob;;1;Result;3;739083113.33;67108864;11.01
Program.BenchmarkMatrixStructByRef;StructVsClass_MethodParameter_PassByReference;Program;BenchmarkMatrixStructByRef;Default;Default;Default;Default;Default;Default;Default;Default;Default;Default;Default;Default;Default;Default;Default;Default;Default;Default;Default;Default;Default;Default;Default;Default;Default;Default;Default;Default;Default;Default;Default;Default;Default;Default;Default;DefaultJob;;1;Result;4;731955113.33;67108864;10.91
Program.BenchmarkMatrixStructByRef;StructVsClass_MethodParameter_PassByReference;Program;BenchmarkMatrixStructByRef;Default;Default;Default;Default;Default;Default;Default;Default;Default;Default;Default;Default;Default;Default;Default;Default;Default;Default;Default;Default;Default;Default;Default;Default;Default;Default;Default;Default;Default;Default;Default;Default;Default;Default;Default;DefaultJob;;1;Result;5;733938513.33;67108864;10.94
Program.BenchmarkMatrixStructByRef;StructVsClass_MethodParameter_PassByReference;Program;BenchmarkMatrixStructByRef;Default;Default;Default;Default;Default;Default;Default;Default;Default;Default;Default;Default;Default;Default;Default;Default;Default;Default;Default;Default;Default;Default;Default;Default;Default;Default;Default;Default;Default;Default;Default;Default;Default;Default;Default;DefaultJob;;1;Result;6;734466613.33;67108864;10.94
Program.BenchmarkMatrixStructByRef;StructVsClass_MethodParameter_PassByReference;Program;BenchmarkMatrixStructByRef;Default;Default;Default;Default;Default;Default;Default;Default;Default;Default;Default;Default;Default;Default;Default;Default;Default;Default;Default;Default;Default;Default;Default;Default;Default;Default;Default;Default;Default;Default;Default;Default;Default;Default;Default;DefaultJob;;1;Result;7;733286013.33;67108864;10.93
Program.BenchmarkMatrixStructByRef;StructVsClass_MethodParameter_PassByReference;Program;BenchmarkMatrixStructByRef;Default;Default;Default;Default;Default;Default;Default;Default;Default;Default;Default;Default;Default;Default;Default;Default;Default;Default;Default;Default;Default;Default;Default;Default;Default;Default;Default;Default;Default;Default;Default;Default;Default;Default;Default;DefaultJob;;1;Result;8;734885913.33;67108864;10.95
Program.BenchmarkMatrixStructByRef;StructVsClass_MethodParameter_PassByReference;Program;BenchmarkMatrixStructByRef;Default;Default;Default;Default;Default;Default;Default;Default;Default;Default;Default;Default;Default;Default;Default;Default;Default;Default;Default;Default;Default;Default;Default;Default;Default;Default;Default;Default;Default;Default;Default;Default;Default;Default;Default;DefaultJob;;1;Result;9;732301713.33;67108864;10.91
Program.BenchmarkMatrixStructByRef;StructVsClass_MethodParameter_PassByReference;Program;BenchmarkMatrixStructByRef;Default;Default;Default;Default;Default;Default;Default;Default;Default;Default;Default;Default;Default;Default;Default;Default;Default;Default;Default;Default;Default;Default;Default;Default;Default;Default;Default;Default;Default;Default;Default;Default;Default;Default;Default;DefaultJob;;1;Result;10;732355613.33;67108864;10.91
Program.BenchmarkMatrixStructByRef;StructVsClass_MethodParameter_PassByReference;Program;BenchmarkMatrixStructByRef;Default;Default;Default;Default;Default;Default;Default;Default;Default;Default;Default;Default;Default;Default;Default;Default;Default;Default;Default;Default;Default;Default;Default;Default;Default;Default;Default;Default;Default;Default;Default;Default;Default;Default;Default;DefaultJob;;1;Result;11;732396713.33;67108864;10.91
Program.BenchmarkMatrixStructByRef;StructVsClass_MethodParameter_PassByReference;Program;BenchmarkMatrixStructByRef;Default;Default;Default;Default;Default;Default;Default;Default;Default;Default;Default;Default;Default;Default;Default;Default;Default;Default;Default;Default;Default;Default;Default;Default;Default;Default;Default;Default;Default;Default;Default;Default;Default;Default;Default;DefaultJob;;1;Result;12;739280513.33;67108864;11.02
Program.BenchmarkMatrixStructByRef;StructVsClass_MethodParameter_PassByReference;Program;BenchmarkMatrixStructByRef;Default;Default;Default;Default;Default;Default;Default;Default;Default;Default;Default;Default;Default;Default;Default;Default;Default;Default;Default;Default;Default;Default;Default;Default;Default;Default;Default;Default;Default;Default;Default;Default;Default;Default;Default;DefaultJob;;1;Result;13;744594713.33;67108864;11.1
Program.BenchmarkMatrixStructByRef;StructVsClass_MethodParameter_PassByReference;Program;BenchmarkMatrixStructByRef;Default;Default;Default;Default;Default;Default;Default;Default;Default;Default;Default;Default;Default;Default;Default;Default;Default;Default;Default;Default;Default;Default;Default;Default;Default;Default;Default;Default;Default;Default;Default;Default;Default;Default;Default;DefaultJob;;1;Result;14;737983013.33;67108864;11
