Target;Target_Namespace;Target_Type;Target_Method;Job_Id;Job_AnalyzeLaunchVariance;Job_EvaluateOverhead;Job_MaxAbsoluteError;Job_MaxRelativeError;Job_MinInvokeCount;Job_MinIterationTime;Job_RemoveOutliers;Job_Affinity;Job_Jit;Job_Platform;Job_Runtime;Job_AllowVeryLargeObjects;Job_Concurrent;Job_CpuGroups;Job_Force;Job_HeapAffinitizeMask;Job_HeapCount;Job_NoAffinitize;Job_RetainVm;Job_Server;Job_Arguments;Job_BuildConfiguration;Job_Clock;Job_EngineFactory;Job_EnvironmentVariables;Job_Toolchain;Job_IsBaseline;Job_InvocationCount;Job_IterationTime;Job_LaunchCount;Job_RunStrategy;Job_TargetCount;Job_UnrollFactor;Job_WarmupCount;Job_Display;Params;Measurement_LaunchIndex;Measurement_IterationMode;Measurement_IterationIndex;Measurement_Nanoseconds;Measurement_Operations;Measurement_Value;Gen_0;Gen_1;Gen_2;Allocated_Bytes
Program.WorkWithString;StringParsingWithSpan;Program;WorkWithString;Default;Default;Default;Default;Default;Default;Default;Default;Default;Default;Default;Default;Default;Default;Default;Default;Default;Default;Default;Default;Default;Default;Default;Default;Default;Default;Default;Default;Default;Default;Default;Default;Default;Default;Default;DefaultJob;;1;Pilot;1;213600;16;13350;858;0;0;1288
Program.WorkWithString;StringParsingWithSpan;Program;WorkWithString;Default;Default;Default;Default;Default;Default;Default;Default;Default;Default;Default;Default;Default;Default;Default;Default;Default;Default;Default;Default;Default;Default;Default;Default;Default;Default;Default;Default;Default;Default;Default;Default;Default;Default;Default;DefaultJob;;1;Pilot;2;33700;32;1053.13;858;0;0;1288
Program.WorkWithString;StringParsingWithSpan;Program;WorkWithString;Default;Default;Default;Default;Default;Default;Default;Default;Default;Default;Default;Default;Default;Default;Default;Default;Default;Default;Default;Default;Default;Default;Default;Default;Default;Default;Default;Default;Default;Default;Default;Default;Default;Default;Default;DefaultJob;;1;Pilot;3;45700;64;714.06;858;0;0;1288
Program.WorkWithString;StringParsingWithSpan;Program;WorkWithString;Default;Default;Default;Default;Default;Default;Default;Default;Default;Default;Default;Default;Default;Default;Default;Default;Default;Default;Default;Default;Default;Default;Default;Default;Default;Default;Default;Default;Default;Default;Default;Default;Default;Default;Default;DefaultJob;;1;Pilot;4;76900;128;600.78;858;0;0;1288
Program.WorkWithString;StringParsingWithSpan;Program;WorkWithString;Default;Default;Default;Default;Default;Default;Default;Default;Default;Default;Default;Default;Default;Default;Default;Default;Default;Default;Default;Default;Default;Default;Default;Default;Default;Default;Default;Default;Default;Default;Default;Default;Default;Default;Default;DefaultJob;;1;Pilot;5;284600;256;1111.72;858;0;0;1288
Program.WorkWithString;StringParsingWithSpan;Program;WorkWithString;Default;Default;Default;Default;Default;Default;Default;Default;Default;Default;Default;Default;Default;Default;Default;Default;Default;Default;Default;Default;Default;Default;Default;Default;Default;Default;Default;Default;Default;Default;Default;Default;Default;Default;Default;DefaultJob;;1;Pilot;6;621900;512;1214.65;858;0;0;1288
Program.WorkWithString;StringParsingWithSpan;Program;WorkWithString;Default;Default;Default;Default;Default;Default;Default;Default;Default;Default;Default;Default;Default;Default;Default;Default;Default;Default;Default;Default;Default;Default;Default;Default;Default;Default;Default;Default;Default;Default;Default;Default;Default;Default;Default;DefaultJob;;1;Pilot;7;964800;1024;942.19;858;0;0;1288
Program.WorkWithString;StringParsingWithSpan;Program;WorkWithString;Default;Default;Default;Default;Default;Default;Default;Default;Default;Default;Default;Default;Default;Default;Default;Default;Default;Default;Default;Default;Default;Default;Default;Default;Default;Default;Default;Default;Default;Default;Default;Default;Default;Default;Default;DefaultJob;;1;Pilot;8;1398400;2048;682.81;858;0;0;1288
Program.WorkWithString;StringParsingWithSpan;Program;WorkWithString;Default;Default;Default;Default;Default;Default;Default;Default;Default;Default;Default;Default;Default;Default;Default;Default;Default;Default;Default;Default;Default;Default;Default;Default;Default;Default;Default;Default;Default;Default;Default;Default;Default;Default;Default;DefaultJob;;1;Pilot;9;4586600;4096;1119.78;858;0;0;1288
Program.WorkWithString;StringParsingWithSpan;Program;WorkWithString;Default;Default;Default;Default;Default;Default;Default;Default;Default;Default;Default;Default;Default;Default;Default;Default;Default;Default;Default;Default;Default;Default;Default;Default;Default;Default;Default;Default;Default;Default;Default;Default;Default;Default;Default;DefaultJob;;1;Pilot;10;4605800;8192;562.23;858;0;0;1288
Program.WorkWithString;StringParsingWithSpan;Program;WorkWithString;Default;Default;Default;Default;Default;Default;Default;Default;Default;Default;Default;Default;Default;Default;Default;Default;Default;Default;Default;Default;Default;Default;Default;Default;Default;Default;Default;Default;Default;Default;Default;Default;Default;Default;Default;DefaultJob;;1;Pilot;11;12091800;16384;738.02;858;0;0;1288
Program.WorkWithString;StringParsingWithSpan;Program;WorkWithString;Default;Default;Default;Default;Default;Default;Default;Default;Default;Default;Default;Default;Default;Default;Default;Default;Default;Default;Default;Default;Default;Default;Default;Default;Default;Default;Default;Default;Default;Default;Default;Default;Default;Default;Default;DefaultJob;;1;Pilot;12;20523600;32768;626.33;858;0;0;1288
Program.WorkWithString;StringParsingWithSpan;Program;WorkWithString;Default;Default;Default;Default;Default;Default;Default;Default;Default;Default;Default;Default;Default;Default;Default;Default;Default;Default;Default;Default;Default;Default;Default;Default;Default;Default;Default;Default;Default;Default;Default;Default;Default;Default;Default;DefaultJob;;1;Pilot;13;39032700;65536;595.59;858;0;0;1288
Program.WorkWithString;StringParsingWithSpan;Program;WorkWithString;Default;Default;Default;Default;Default;Default;Default;Default;Default;Default;Default;Default;Default;Default;Default;Default;Default;Default;Default;Default;Default;Default;Default;Default;Default;Default;Default;Default;Default;Default;Default;Default;Default;Default;Default;DefaultJob;;1;Pilot;14;68700900;131072;524.15;858;0;0;1288
Program.WorkWithString;StringParsingWithSpan;Program;WorkWithString;Default;Default;Default;Default;Default;Default;Default;Default;Default;Default;Default;Default;Default;Default;Default;Default;Default;Default;Default;Default;Default;Default;Default;Default;Default;Default;Default;Default;Default;Default;Default;Default;Default;Default;Default;DefaultJob;;1;Pilot;15;134407600;262144;512.72;858;0;0;1288
Program.WorkWithString;StringParsingWithSpan;Program;WorkWithString;Default;Default;Default;Default;Default;Default;Default;Default;Default;Default;Default;Default;Default;Default;Default;Default;Default;Default;Default;Default;Default;Default;Default;Default;Default;Default;Default;Default;Default;Default;Default;Default;Default;Default;Default;DefaultJob;;1;Pilot;16;273157200;524288;521.01;858;0;0;1288
Program.WorkWithString;StringParsingWithSpan;Program;WorkWithString;Default;Default;Default;Default;Default;Default;Default;Default;Default;Default;Default;Default;Default;Default;Default;Default;Default;Default;Default;Default;Default;Default;Default;Default;Default;Default;Default;Default;Default;Default;Default;Default;Default;Default;Default;DefaultJob;;1;Pilot;17;532693300;1048576;508.02;858;0;0;1288
Program.WorkWithString;StringParsingWithSpan;Program;WorkWithString;Default;Default;Default;Default;Default;Default;Default;Default;Default;Default;Default;Default;Default;Default;Default;Default;Default;Default;Default;Default;Default;Default;Default;Default;Default;Default;Default;Default;Default;Default;Default;Default;Default;Default;Default;DefaultJob;;1;IdleWarmup;1;2674400;1048576;2.55;858;0;0;1288
Program.WorkWithString;StringParsingWithSpan;Program;WorkWithString;Default;Default;Default;Default;Default;Default;Default;Default;Default;Default;Default;Default;Default;Default;Default;Default;Default;Default;Default;Default;Default;Default;Default;Default;Default;Default;Default;Default;Default;Default;Default;Default;Default;Default;Default;DefaultJob;;1;IdleWarmup;2;2545400;1048576;2.43;858;0;0;1288
Program.WorkWithString;StringParsingWithSpan;Program;WorkWithString;Default;Default;Default;Default;Default;Default;Default;Default;Default;Default;Default;Default;Default;Default;Default;Default;Default;Default;Default;Default;Default;Default;Default;Default;Default;Default;Default;Default;Default;Default;Default;Default;Default;Default;Default;DefaultJob;;1;IdleWarmup;3;2568300;1048576;2.45;858;0;0;1288
Program.WorkWithString;StringParsingWithSpan;Program;WorkWithString;Default;Default;Default;Default;Default;Default;Default;Default;Default;Default;Default;Default;Default;Default;Default;Default;Default;Default;Default;Default;Default;Default;Default;Default;Default;Default;Default;Default;Default;Default;Default;Default;Default;Default;Default;DefaultJob;;1;IdleWarmup;4;2549400;1048576;2.43;858;0;0;1288
Program.WorkWithString;StringParsingWithSpan;Program;WorkWithString;Default;Default;Default;Default;Default;Default;Default;Default;Default;Default;Default;Default;Default;Default;Default;Default;Default;Default;Default;Default;Default;Default;Default;Default;Default;Default;Default;Default;Default;Default;Default;Default;Default;Default;Default;DefaultJob;;1;IdleWarmup;5;2532800;1048576;2.42;858;0;0;1288
Program.WorkWithString;StringParsingWithSpan;Program;WorkWithString;Default;Default;Default;Default;Default;Default;Default;Default;Default;Default;Default;Default;Default;Default;Default;Default;Default;Default;Default;Default;Default;Default;Default;Default;Default;Default;Default;Default;Default;Default;Default;Default;Default;Default;Default;DefaultJob;;1;IdleWarmup;6;2503600;1048576;2.39;858;0;0;1288
Program.WorkWithString;StringParsingWithSpan;Program;WorkWithString;Default;Default;Default;Default;Default;Default;Default;Default;Default;Default;Default;Default;Default;Default;Default;Default;Default;Default;Default;Default;Default;Default;Default;Default;Default;Default;Default;Default;Default;Default;Default;Default;Default;Default;Default;DefaultJob;;1;IdleWarmup;7;2619000;1048576;2.5;858;0;0;1288
Program.WorkWithString;StringParsingWithSpan;Program;WorkWithString;Default;Default;Default;Default;Default;Default;Default;Default;Default;Default;Default;Default;Default;Default;Default;Default;Default;Default;Default;Default;Default;Default;Default;Default;Default;Default;Default;Default;Default;Default;Default;Default;Default;Default;Default;DefaultJob;;1;IdleWarmup;8;2424500;1048576;2.31;858;0;0;1288
Program.WorkWithString;StringParsingWithSpan;Program;WorkWithString;Default;Default;Default;Default;Default;Default;Default;Default;Default;Default;Default;Default;Default;Default;Default;Default;Default;Default;Default;Default;Default;Default;Default;Default;Default;Default;Default;Default;Default;Default;Default;Default;Default;Default;Default;DefaultJob;;1;IdleTarget;1;2409100;1048576;2.3;858;0;0;1288
Program.WorkWithString;StringParsingWithSpan;Program;WorkWithString;Default;Default;Default;Default;Default;Default;Default;Default;Default;Default;Default;Default;Default;Default;Default;Default;Default;Default;Default;Default;Default;Default;Default;Default;Default;Default;Default;Default;Default;Default;Default;Default;Default;Default;Default;DefaultJob;;1;IdleTarget;2;2834600;1048576;2.7;858;0;0;1288
Program.WorkWithString;StringParsingWithSpan;Program;WorkWithString;Default;Default;Default;Default;Default;Default;Default;Default;Default;Default;Default;Default;Default;Default;Default;Default;Default;Default;Default;Default;Default;Default;Default;Default;Default;Default;Default;Default;Default;Default;Default;Default;Default;Default;Default;DefaultJob;;1;IdleTarget;3;2601900;1048576;2.48;858;0;0;1288
Program.WorkWithString;StringParsingWithSpan;Program;WorkWithString;Default;Default;Default;Default;Default;Default;Default;Default;Default;Default;Default;Default;Default;Default;Default;Default;Default;Default;Default;Default;Default;Default;Default;Default;Default;Default;Default;Default;Default;Default;Default;Default;Default;Default;Default;DefaultJob;;1;IdleTarget;4;2601800;1048576;2.48;858;0;0;1288
Program.WorkWithString;StringParsingWithSpan;Program;WorkWithString;Default;Default;Default;Default;Default;Default;Default;Default;Default;Default;Default;Default;Default;Default;Default;Default;Default;Default;Default;Default;Default;Default;Default;Default;Default;Default;Default;Default;Default;Default;Default;Default;Default;Default;Default;DefaultJob;;1;IdleTarget;5;2724400;1048576;2.6;858;0;0;1288
Program.WorkWithString;StringParsingWithSpan;Program;WorkWithString;Default;Default;Default;Default;Default;Default;Default;Default;Default;Default;Default;Default;Default;Default;Default;Default;Default;Default;Default;Default;Default;Default;Default;Default;Default;Default;Default;Default;Default;Default;Default;Default;Default;Default;Default;DefaultJob;;1;IdleTarget;6;2624100;1048576;2.5;858;0;0;1288
Program.WorkWithString;StringParsingWithSpan;Program;WorkWithString;Default;Default;Default;Default;Default;Default;Default;Default;Default;Default;Default;Default;Default;Default;Default;Default;Default;Default;Default;Default;Default;Default;Default;Default;Default;Default;Default;Default;Default;Default;Default;Default;Default;Default;Default;DefaultJob;;1;IdleTarget;7;2414900;1048576;2.3;858;0;0;1288
Program.WorkWithString;StringParsingWithSpan;Program;WorkWithString;Default;Default;Default;Default;Default;Default;Default;Default;Default;Default;Default;Default;Default;Default;Default;Default;Default;Default;Default;Default;Default;Default;Default;Default;Default;Default;Default;Default;Default;Default;Default;Default;Default;Default;Default;DefaultJob;;1;IdleTarget;8;2416300;1048576;2.3;858;0;0;1288
Program.WorkWithString;StringParsingWithSpan;Program;WorkWithString;Default;Default;Default;Default;Default;Default;Default;Default;Default;Default;Default;Default;Default;Default;Default;Default;Default;Default;Default;Default;Default;Default;Default;Default;Default;Default;Default;Default;Default;Default;Default;Default;Default;Default;Default;DefaultJob;;1;IdleTarget;9;2364300;1048576;2.25;858;0;0;1288
Program.WorkWithString;StringParsingWithSpan;Program;WorkWithString;Default;Default;Default;Default;Default;Default;Default;Default;Default;Default;Default;Default;Default;Default;Default;Default;Default;Default;Default;Default;Default;Default;Default;Default;Default;Default;Default;Default;Default;Default;Default;Default;Default;Default;Default;DefaultJob;;1;IdleTarget;10;2953000;1048576;2.82;858;0;0;1288
Program.WorkWithString;StringParsingWithSpan;Program;WorkWithString;Default;Default;Default;Default;Default;Default;Default;Default;Default;Default;Default;Default;Default;Default;Default;Default;Default;Default;Default;Default;Default;Default;Default;Default;Default;Default;Default;Default;Default;Default;Default;Default;Default;Default;Default;DefaultJob;;1;IdleTarget;11;2461000;1048576;2.35;858;0;0;1288
Program.WorkWithString;StringParsingWithSpan;Program;WorkWithString;Default;Default;Default;Default;Default;Default;Default;Default;Default;Default;Default;Default;Default;Default;Default;Default;Default;Default;Default;Default;Default;Default;Default;Default;Default;Default;Default;Default;Default;Default;Default;Default;Default;Default;Default;DefaultJob;;1;IdleTarget;12;2369000;1048576;2.26;858;0;0;1288
Program.WorkWithString;StringParsingWithSpan;Program;WorkWithString;Default;Default;Default;Default;Default;Default;Default;Default;Default;Default;Default;Default;Default;Default;Default;Default;Default;Default;Default;Default;Default;Default;Default;Default;Default;Default;Default;Default;Default;Default;Default;Default;Default;Default;Default;DefaultJob;;1;IdleTarget;13;2396200;1048576;2.29;858;0;0;1288
Program.WorkWithString;StringParsingWithSpan;Program;WorkWithString;Default;Default;Default;Default;Default;Default;Default;Default;Default;Default;Default;Default;Default;Default;Default;Default;Default;Default;Default;Default;Default;Default;Default;Default;Default;Default;Default;Default;Default;Default;Default;Default;Default;Default;Default;DefaultJob;;1;IdleTarget;14;2635000;1048576;2.51;858;0;0;1288
Program.WorkWithString;StringParsingWithSpan;Program;WorkWithString;Default;Default;Default;Default;Default;Default;Default;Default;Default;Default;Default;Default;Default;Default;Default;Default;Default;Default;Default;Default;Default;Default;Default;Default;Default;Default;Default;Default;Default;Default;Default;Default;Default;Default;Default;DefaultJob;;1;IdleTarget;15;2598900;1048576;2.48;858;0;0;1288
Program.WorkWithString;StringParsingWithSpan;Program;WorkWithString;Default;Default;Default;Default;Default;Default;Default;Default;Default;Default;Default;Default;Default;Default;Default;Default;Default;Default;Default;Default;Default;Default;Default;Default;Default;Default;Default;Default;Default;Default;Default;Default;Default;Default;Default;DefaultJob;;1;IdleTarget;16;2810300;1048576;2.68;858;0;0;1288
Program.WorkWithString;StringParsingWithSpan;Program;WorkWithString;Default;Default;Default;Default;Default;Default;Default;Default;Default;Default;Default;Default;Default;Default;Default;Default;Default;Default;Default;Default;Default;Default;Default;Default;Default;Default;Default;Default;Default;Default;Default;Default;Default;Default;Default;DefaultJob;;1;IdleTarget;17;2639500;1048576;2.52;858;0;0;1288
Program.WorkWithString;StringParsingWithSpan;Program;WorkWithString;Default;Default;Default;Default;Default;Default;Default;Default;Default;Default;Default;Default;Default;Default;Default;Default;Default;Default;Default;Default;Default;Default;Default;Default;Default;Default;Default;Default;Default;Default;Default;Default;Default;Default;Default;DefaultJob;;1;IdleTarget;18;2748500;1048576;2.62;858;0;0;1288
Program.WorkWithString;StringParsingWithSpan;Program;WorkWithString;Default;Default;Default;Default;Default;Default;Default;Default;Default;Default;Default;Default;Default;Default;Default;Default;Default;Default;Default;Default;Default;Default;Default;Default;Default;Default;Default;Default;Default;Default;Default;Default;Default;Default;Default;DefaultJob;;1;IdleTarget;19;2595100;1048576;2.47;858;0;0;1288
Program.WorkWithString;StringParsingWithSpan;Program;WorkWithString;Default;Default;Default;Default;Default;Default;Default;Default;Default;Default;Default;Default;Default;Default;Default;Default;Default;Default;Default;Default;Default;Default;Default;Default;Default;Default;Default;Default;Default;Default;Default;Default;Default;Default;Default;DefaultJob;;1;IdleTarget;20;2586400;1048576;2.47;858;0;0;1288
Program.WorkWithString;StringParsingWithSpan;Program;WorkWithString;Default;Default;Default;Default;Default;Default;Default;Default;Default;Default;Default;Default;Default;Default;Default;Default;Default;Default;Default;Default;Default;Default;Default;Default;Default;Default;Default;Default;Default;Default;Default;Default;Default;Default;Default;DefaultJob;;1;MainWarmup;1;524152500;1048576;499.87;858;0;0;1288
Program.WorkWithString;StringParsingWithSpan;Program;WorkWithString;Default;Default;Default;Default;Default;Default;Default;Default;Default;Default;Default;Default;Default;Default;Default;Default;Default;Default;Default;Default;Default;Default;Default;Default;Default;Default;Default;Default;Default;Default;Default;Default;Default;Default;Default;DefaultJob;;1;MainWarmup;2;527070300;1048576;502.65;858;0;0;1288
Program.WorkWithString;StringParsingWithSpan;Program;WorkWithString;Default;Default;Default;Default;Default;Default;Default;Default;Default;Default;Default;Default;Default;Default;Default;Default;Default;Default;Default;Default;Default;Default;Default;Default;Default;Default;Default;Default;Default;Default;Default;Default;Default;Default;Default;DefaultJob;;1;MainWarmup;3;525340000;1048576;501;858;0;0;1288
Program.WorkWithString;StringParsingWithSpan;Program;WorkWithString;Default;Default;Default;Default;Default;Default;Default;Default;Default;Default;Default;Default;Default;Default;Default;Default;Default;Default;Default;Default;Default;Default;Default;Default;Default;Default;Default;Default;Default;Default;Default;Default;Default;Default;Default;DefaultJob;;1;MainWarmup;4;524372000;1048576;500.08;858;0;0;1288
Program.WorkWithString;StringParsingWithSpan;Program;WorkWithString;Default;Default;Default;Default;Default;Default;Default;Default;Default;Default;Default;Default;Default;Default;Default;Default;Default;Default;Default;Default;Default;Default;Default;Default;Default;Default;Default;Default;Default;Default;Default;Default;Default;Default;Default;DefaultJob;;1;MainWarmup;5;554409400;1048576;528.73;858;0;0;1288
Program.WorkWithString;StringParsingWithSpan;Program;WorkWithString;Default;Default;Default;Default;Default;Default;Default;Default;Default;Default;Default;Default;Default;Default;Default;Default;Default;Default;Default;Default;Default;Default;Default;Default;Default;Default;Default;Default;Default;Default;Default;Default;Default;Default;Default;DefaultJob;;1;MainWarmup;6;528819400;1048576;504.32;858;0;0;1288
Program.WorkWithString;StringParsingWithSpan;Program;WorkWithString;Default;Default;Default;Default;Default;Default;Default;Default;Default;Default;Default;Default;Default;Default;Default;Default;Default;Default;Default;Default;Default;Default;Default;Default;Default;Default;Default;Default;Default;Default;Default;Default;Default;Default;Default;DefaultJob;;1;MainTarget;1;530813800;1048576;506.22;858;0;0;1288
Program.WorkWithString;StringParsingWithSpan;Program;WorkWithString;Default;Default;Default;Default;Default;Default;Default;Default;Default;Default;Default;Default;Default;Default;Default;Default;Default;Default;Default;Default;Default;Default;Default;Default;Default;Default;Default;Default;Default;Default;Default;Default;Default;Default;Default;DefaultJob;;1;MainTarget;2;524628300;1048576;500.32;858;0;0;1288
Program.WorkWithString;StringParsingWithSpan;Program;WorkWithString;Default;Default;Default;Default;Default;Default;Default;Default;Default;Default;Default;Default;Default;Default;Default;Default;Default;Default;Default;Default;Default;Default;Default;Default;Default;Default;Default;Default;Default;Default;Default;Default;Default;Default;Default;DefaultJob;;1;MainTarget;3;524986800;1048576;500.67;858;0;0;1288
Program.WorkWithString;StringParsingWithSpan;Program;WorkWithString;Default;Default;Default;Default;Default;Default;Default;Default;Default;Default;Default;Default;Default;Default;Default;Default;Default;Default;Default;Default;Default;Default;Default;Default;Default;Default;Default;Default;Default;Default;Default;Default;Default;Default;Default;DefaultJob;;1;MainTarget;4;532495700;1048576;507.83;858;0;0;1288
Program.WorkWithString;StringParsingWithSpan;Program;WorkWithString;Default;Default;Default;Default;Default;Default;Default;Default;Default;Default;Default;Default;Default;Default;Default;Default;Default;Default;Default;Default;Default;Default;Default;Default;Default;Default;Default;Default;Default;Default;Default;Default;Default;Default;Default;DefaultJob;;1;MainTarget;5;523789200;1048576;499.52;858;0;0;1288
Program.WorkWithString;StringParsingWithSpan;Program;WorkWithString;Default;Default;Default;Default;Default;Default;Default;Default;Default;Default;Default;Default;Default;Default;Default;Default;Default;Default;Default;Default;Default;Default;Default;Default;Default;Default;Default;Default;Default;Default;Default;Default;Default;Default;Default;DefaultJob;;1;MainTarget;6;524691500;1048576;500.38;858;0;0;1288
Program.WorkWithString;StringParsingWithSpan;Program;WorkWithString;Default;Default;Default;Default;Default;Default;Default;Default;Default;Default;Default;Default;Default;Default;Default;Default;Default;Default;Default;Default;Default;Default;Default;Default;Default;Default;Default;Default;Default;Default;Default;Default;Default;Default;Default;DefaultJob;;1;MainTarget;7;523377700;1048576;499.13;858;0;0;1288
Program.WorkWithString;StringParsingWithSpan;Program;WorkWithString;Default;Default;Default;Default;Default;Default;Default;Default;Default;Default;Default;Default;Default;Default;Default;Default;Default;Default;Default;Default;Default;Default;Default;Default;Default;Default;Default;Default;Default;Default;Default;Default;Default;Default;Default;DefaultJob;;1;MainTarget;8;526014500;1048576;501.65;858;0;0;1288
Program.WorkWithString;StringParsingWithSpan;Program;WorkWithString;Default;Default;Default;Default;Default;Default;Default;Default;Default;Default;Default;Default;Default;Default;Default;Default;Default;Default;Default;Default;Default;Default;Default;Default;Default;Default;Default;Default;Default;Default;Default;Default;Default;Default;Default;DefaultJob;;1;MainTarget;9;524308700;1048576;500.02;858;0;0;1288
Program.WorkWithString;StringParsingWithSpan;Program;WorkWithString;Default;Default;Default;Default;Default;Default;Default;Default;Default;Default;Default;Default;Default;Default;Default;Default;Default;Default;Default;Default;Default;Default;Default;Default;Default;Default;Default;Default;Default;Default;Default;Default;Default;Default;Default;DefaultJob;;1;MainTarget;10;523423900;1048576;499.18;858;0;0;1288
Program.WorkWithString;StringParsingWithSpan;Program;WorkWithString;Default;Default;Default;Default;Default;Default;Default;Default;Default;Default;Default;Default;Default;Default;Default;Default;Default;Default;Default;Default;Default;Default;Default;Default;Default;Default;Default;Default;Default;Default;Default;Default;Default;Default;Default;DefaultJob;;1;MainTarget;11;523325000;1048576;499.08;858;0;0;1288
Program.WorkWithString;StringParsingWithSpan;Program;WorkWithString;Default;Default;Default;Default;Default;Default;Default;Default;Default;Default;Default;Default;Default;Default;Default;Default;Default;Default;Default;Default;Default;Default;Default;Default;Default;Default;Default;Default;Default;Default;Default;Default;Default;Default;Default;DefaultJob;;1;MainTarget;12;523299100;1048576;499.06;858;0;0;1288
Program.WorkWithString;StringParsingWithSpan;Program;WorkWithString;Default;Default;Default;Default;Default;Default;Default;Default;Default;Default;Default;Default;Default;Default;Default;Default;Default;Default;Default;Default;Default;Default;Default;Default;Default;Default;Default;Default;Default;Default;Default;Default;Default;Default;Default;DefaultJob;;1;MainTarget;13;523921400;1048576;499.65;858;0;0;1288
Program.WorkWithString;StringParsingWithSpan;Program;WorkWithString;Default;Default;Default;Default;Default;Default;Default;Default;Default;Default;Default;Default;Default;Default;Default;Default;Default;Default;Default;Default;Default;Default;Default;Default;Default;Default;Default;Default;Default;Default;Default;Default;Default;Default;Default;DefaultJob;;1;MainTarget;14;525084600;1048576;500.76;858;0;0;1288
Program.WorkWithString;StringParsingWithSpan;Program;WorkWithString;Default;Default;Default;Default;Default;Default;Default;Default;Default;Default;Default;Default;Default;Default;Default;Default;Default;Default;Default;Default;Default;Default;Default;Default;Default;Default;Default;Default;Default;Default;Default;Default;Default;Default;Default;DefaultJob;;1;MainTarget;15;527967500;1048576;503.51;858;0;0;1288
Program.WorkWithString;StringParsingWithSpan;Program;WorkWithString;Default;Default;Default;Default;Default;Default;Default;Default;Default;Default;Default;Default;Default;Default;Default;Default;Default;Default;Default;Default;Default;Default;Default;Default;Default;Default;Default;Default;Default;Default;Default;Default;Default;Default;Default;DefaultJob;;1;Result;1;522039085;1048576;497.86;858;0;0;1288
Program.WorkWithString;StringParsingWithSpan;Program;WorkWithString;Default;Default;Default;Default;Default;Default;Default;Default;Default;Default;Default;Default;Default;Default;Default;Default;Default;Default;Default;Default;Default;Default;Default;Default;Default;Default;Default;Default;Default;Default;Default;Default;Default;Default;Default;DefaultJob;;1;Result;2;522397585;1048576;498.2;858;0;0;1288
Program.WorkWithString;StringParsingWithSpan;Program;WorkWithString;Default;Default;Default;Default;Default;Default;Default;Default;Default;Default;Default;Default;Default;Default;Default;Default;Default;Default;Default;Default;Default;Default;Default;Default;Default;Default;Default;Default;Default;Default;Default;Default;Default;Default;Default;DefaultJob;;1;Result;3;521199985;1048576;497.06;858;0;0;1288
Program.WorkWithString;StringParsingWithSpan;Program;WorkWithString;Default;Default;Default;Default;Default;Default;Default;Default;Default;Default;Default;Default;Default;Default;Default;Default;Default;Default;Default;Default;Default;Default;Default;Default;Default;Default;Default;Default;Default;Default;Default;Default;Default;Default;Default;DefaultJob;;1;Result;4;522102285;1048576;497.92;858;0;0;1288
Program.WorkWithString;StringParsingWithSpan;Program;WorkWithString;Default;Default;Default;Default;Default;Default;Default;Default;Default;Default;Default;Default;Default;Default;Default;Default;Default;Default;Default;Default;Default;Default;Default;Default;Default;Default;Default;Default;Default;Default;Default;Default;Default;Default;Default;DefaultJob;;1;Result;5;520788485;1048576;496.66;858;0;0;1288
Program.WorkWithString;StringParsingWithSpan;Program;WorkWithString;Default;Default;Default;Default;Default;Default;Default;Default;Default;Default;Default;Default;Default;Default;Default;Default;Default;Default;Default;Default;Default;Default;Default;Default;Default;Default;Default;Default;Default;Default;Default;Default;Default;Default;Default;DefaultJob;;1;Result;6;523425285;1048576;499.18;858;0;0;1288
Program.WorkWithString;StringParsingWithSpan;Program;WorkWithString;Default;Default;Default;Default;Default;Default;Default;Default;Default;Default;Default;Default;Default;Default;Default;Default;Default;Default;Default;Default;Default;Default;Default;Default;Default;Default;Default;Default;Default;Default;Default;Default;Default;Default;Default;DefaultJob;;1;Result;7;521719485;1048576;497.55;858;0;0;1288
Program.WorkWithString;StringParsingWithSpan;Program;WorkWithString;Default;Default;Default;Default;Default;Default;Default;Default;Default;Default;Default;Default;Default;Default;Default;Default;Default;Default;Default;Default;Default;Default;Default;Default;Default;Default;Default;Default;Default;Default;Default;Default;Default;Default;Default;DefaultJob;;1;Result;8;520834685;1048576;496.71;858;0;0;1288
Program.WorkWithString;StringParsingWithSpan;Program;WorkWithString;Default;Default;Default;Default;Default;Default;Default;Default;Default;Default;Default;Default;Default;Default;Default;Default;Default;Default;Default;Default;Default;Default;Default;Default;Default;Default;Default;Default;Default;Default;Default;Default;Default;Default;Default;DefaultJob;;1;Result;9;520735785;1048576;496.61;858;0;0;1288
Program.WorkWithString;StringParsingWithSpan;Program;WorkWithString;Default;Default;Default;Default;Default;Default;Default;Default;Default;Default;Default;Default;Default;Default;Default;Default;Default;Default;Default;Default;Default;Default;Default;Default;Default;Default;Default;Default;Default;Default;Default;Default;Default;Default;Default;DefaultJob;;1;Result;10;520709885;1048576;496.59;858;0;0;1288
Program.WorkWithString;StringParsingWithSpan;Program;WorkWithString;Default;Default;Default;Default;Default;Default;Default;Default;Default;Default;Default;Default;Default;Default;Default;Default;Default;Default;Default;Default;Default;Default;Default;Default;Default;Default;Default;Default;Default;Default;Default;Default;Default;Default;Default;DefaultJob;;1;Result;11;521332185;1048576;497.18;858;0;0;1288
Program.WorkWithString;StringParsingWithSpan;Program;WorkWithString;Default;Default;Default;Default;Default;Default;Default;Default;Default;Default;Default;Default;Default;Default;Default;Default;Default;Default;Default;Default;Default;Default;Default;Default;Default;Default;Default;Default;Default;Default;Default;Default;Default;Default;Default;DefaultJob;;1;Result;12;522495385;1048576;498.29;858;0;0;1288
Program.WorkWithString;StringParsingWithSpan;Program;WorkWithString;Default;Default;Default;Default;Default;Default;Default;Default;Default;Default;Default;Default;Default;Default;Default;Default;Default;Default;Default;Default;Default;Default;Default;Default;Default;Default;Default;Default;Default;Default;Default;Default;Default;Default;Default;DefaultJob;;1;Result;13;525378285;1048576;501.04;858;0;0;1288
Program.WorkWithSpan;StringParsingWithSpan;Program;WorkWithSpan;Default;Default;Default;Default;Default;Default;Default;Default;Default;Default;Default;Default;Default;Default;Default;Default;Default;Default;Default;Default;Default;Default;Default;Default;Default;Default;Default;Default;Default;Default;Default;Default;Default;Default;Default;DefaultJob;;1;Pilot;1;387200;16;24200;0;0;0;0
Program.WorkWithSpan;StringParsingWithSpan;Program;WorkWithSpan;Default;Default;Default;Default;Default;Default;Default;Default;Default;Default;Default;Default;Default;Default;Default;Default;Default;Default;Default;Default;Default;Default;Default;Default;Default;Default;Default;Default;Default;Default;Default;Default;Default;Default;Default;DefaultJob;;1;Pilot;2;22600;32;706.25;0;0;0;0
Program.WorkWithSpan;StringParsingWithSpan;Program;WorkWithSpan;Default;Default;Default;Default;Default;Default;Default;Default;Default;Default;Default;Default;Default;Default;Default;Default;Default;Default;Default;Default;Default;Default;Default;Default;Default;Default;Default;Default;Default;Default;Default;Default;Default;Default;Default;DefaultJob;;1;Pilot;3;42500;64;664.06;0;0;0;0
Program.WorkWithSpan;StringParsingWithSpan;Program;WorkWithSpan;Default;Default;Default;Default;Default;Default;Default;Default;Default;Default;Default;Default;Default;Default;Default;Default;Default;Default;Default;Default;Default;Default;Default;Default;Default;Default;Default;Default;Default;Default;Default;Default;Default;Default;Default;DefaultJob;;1;Pilot;4;34200;128;267.19;0;0;0;0
Program.WorkWithSpan;StringParsingWithSpan;Program;WorkWithSpan;Default;Default;Default;Default;Default;Default;Default;Default;Default;Default;Default;Default;Default;Default;Default;Default;Default;Default;Default;Default;Default;Default;Default;Default;Default;Default;Default;Default;Default;Default;Default;Default;Default;Default;Default;DefaultJob;;1;Pilot;5;98000;256;382.81;0;0;0;0
Program.WorkWithSpan;StringParsingWithSpan;Program;WorkWithSpan;Default;Default;Default;Default;Default;Default;Default;Default;Default;Default;Default;Default;Default;Default;Default;Default;Default;Default;Default;Default;Default;Default;Default;Default;Default;Default;Default;Default;Default;Default;Default;Default;Default;Default;Default;DefaultJob;;1;Pilot;6;128400;512;250.78;0;0;0;0
Program.WorkWithSpan;StringParsingWithSpan;Program;WorkWithSpan;Default;Default;Default;Default;Default;Default;Default;Default;Default;Default;Default;Default;Default;Default;Default;Default;Default;Default;Default;Default;Default;Default;Default;Default;Default;Default;Default;Default;Default;Default;Default;Default;Default;Default;Default;DefaultJob;;1;Pilot;7;268300;1024;262.01;0;0;0;0
Program.WorkWithSpan;StringParsingWithSpan;Program;WorkWithSpan;Default;Default;Default;Default;Default;Default;Default;Default;Default;Default;Default;Default;Default;Default;Default;Default;Default;Default;Default;Default;Default;Default;Default;Default;Default;Default;Default;Default;Default;Default;Default;Default;Default;Default;Default;DefaultJob;;1;Pilot;8;749000;2048;365.72;0;0;0;0
Program.WorkWithSpan;StringParsingWithSpan;Program;WorkWithSpan;Default;Default;Default;Default;Default;Default;Default;Default;Default;Default;Default;Default;Default;Default;Default;Default;Default;Default;Default;Default;Default;Default;Default;Default;Default;Default;Default;Default;Default;Default;Default;Default;Default;Default;Default;DefaultJob;;1;Pilot;9;1037400;4096;253.27;0;0;0;0
Program.WorkWithSpan;StringParsingWithSpan;Program;WorkWithSpan;Default;Default;Default;Default;Default;Default;Default;Default;Default;Default;Default;Default;Default;Default;Default;Default;Default;Default;Default;Default;Default;Default;Default;Default;Default;Default;Default;Default;Default;Default;Default;Default;Default;Default;Default;DefaultJob;;1;Pilot;10;1987500;8192;242.61;0;0;0;0
Program.WorkWithSpan;StringParsingWithSpan;Program;WorkWithSpan;Default;Default;Default;Default;Default;Default;Default;Default;Default;Default;Default;Default;Default;Default;Default;Default;Default;Default;Default;Default;Default;Default;Default;Default;Default;Default;Default;Default;Default;Default;Default;Default;Default;Default;Default;DefaultJob;;1;Pilot;11;3828900;16384;233.7;0;0;0;0
Program.WorkWithSpan;StringParsingWithSpan;Program;WorkWithSpan;Default;Default;Default;Default;Default;Default;Default;Default;Default;Default;Default;Default;Default;Default;Default;Default;Default;Default;Default;Default;Default;Default;Default;Default;Default;Default;Default;Default;Default;Default;Default;Default;Default;Default;Default;DefaultJob;;1;Pilot;12;8255800;32768;251.95;0;0;0;0
Program.WorkWithSpan;StringParsingWithSpan;Program;WorkWithSpan;Default;Default;Default;Default;Default;Default;Default;Default;Default;Default;Default;Default;Default;Default;Default;Default;Default;Default;Default;Default;Default;Default;Default;Default;Default;Default;Default;Default;Default;Default;Default;Default;Default;Default;Default;DefaultJob;;1;Pilot;13;15851400;65536;241.87;0;0;0;0
Program.WorkWithSpan;StringParsingWithSpan;Program;WorkWithSpan;Default;Default;Default;Default;Default;Default;Default;Default;Default;Default;Default;Default;Default;Default;Default;Default;Default;Default;Default;Default;Default;Default;Default;Default;Default;Default;Default;Default;Default;Default;Default;Default;Default;Default;Default;DefaultJob;;1;Pilot;14;31152500;131072;237.67;0;0;0;0
Program.WorkWithSpan;StringParsingWithSpan;Program;WorkWithSpan;Default;Default;Default;Default;Default;Default;Default;Default;Default;Default;Default;Default;Default;Default;Default;Default;Default;Default;Default;Default;Default;Default;Default;Default;Default;Default;Default;Default;Default;Default;Default;Default;Default;Default;Default;DefaultJob;;1;Pilot;15;65738500;262144;250.77;0;0;0;0
Program.WorkWithSpan;StringParsingWithSpan;Program;WorkWithSpan;Default;Default;Default;Default;Default;Default;Default;Default;Default;Default;Default;Default;Default;Default;Default;Default;Default;Default;Default;Default;Default;Default;Default;Default;Default;Default;Default;Default;Default;Default;Default;Default;Default;Default;Default;DefaultJob;;1;Pilot;16;119113400;524288;227.19;0;0;0;0
Program.WorkWithSpan;StringParsingWithSpan;Program;WorkWithSpan;Default;Default;Default;Default;Default;Default;Default;Default;Default;Default;Default;Default;Default;Default;Default;Default;Default;Default;Default;Default;Default;Default;Default;Default;Default;Default;Default;Default;Default;Default;Default;Default;Default;Default;Default;DefaultJob;;1;Pilot;17;241716000;1048576;230.52;0;0;0;0
Program.WorkWithSpan;StringParsingWithSpan;Program;WorkWithSpan;Default;Default;Default;Default;Default;Default;Default;Default;Default;Default;Default;Default;Default;Default;Default;Default;Default;Default;Default;Default;Default;Default;Default;Default;Default;Default;Default;Default;Default;Default;Default;Default;Default;Default;Default;DefaultJob;;1;Pilot;18;472636100;2097152;225.37;0;0;0;0
Program.WorkWithSpan;StringParsingWithSpan;Program;WorkWithSpan;Default;Default;Default;Default;Default;Default;Default;Default;Default;Default;Default;Default;Default;Default;Default;Default;Default;Default;Default;Default;Default;Default;Default;Default;Default;Default;Default;Default;Default;Default;Default;Default;Default;Default;Default;DefaultJob;;1;Pilot;19;939443000;4194304;223.98;0;0;0;0
Program.WorkWithSpan;StringParsingWithSpan;Program;WorkWithSpan;Default;Default;Default;Default;Default;Default;Default;Default;Default;Default;Default;Default;Default;Default;Default;Default;Default;Default;Default;Default;Default;Default;Default;Default;Default;Default;Default;Default;Default;Default;Default;Default;Default;Default;Default;DefaultJob;;1;IdleWarmup;1;9769600;4194304;2.33;0;0;0;0
Program.WorkWithSpan;StringParsingWithSpan;Program;WorkWithSpan;Default;Default;Default;Default;Default;Default;Default;Default;Default;Default;Default;Default;Default;Default;Default;Default;Default;Default;Default;Default;Default;Default;Default;Default;Default;Default;Default;Default;Default;Default;Default;Default;Default;Default;Default;DefaultJob;;1;IdleWarmup;2;10007700;4194304;2.39;0;0;0;0
Program.WorkWithSpan;StringParsingWithSpan;Program;WorkWithSpan;Default;Default;Default;Default;Default;Default;Default;Default;Default;Default;Default;Default;Default;Default;Default;Default;Default;Default;Default;Default;Default;Default;Default;Default;Default;Default;Default;Default;Default;Default;Default;Default;Default;Default;Default;DefaultJob;;1;IdleWarmup;3;9477600;4194304;2.26;0;0;0;0
Program.WorkWithSpan;StringParsingWithSpan;Program;WorkWithSpan;Default;Default;Default;Default;Default;Default;Default;Default;Default;Default;Default;Default;Default;Default;Default;Default;Default;Default;Default;Default;Default;Default;Default;Default;Default;Default;Default;Default;Default;Default;Default;Default;Default;Default;Default;DefaultJob;;1;IdleWarmup;4;9955100;4194304;2.37;0;0;0;0
Program.WorkWithSpan;StringParsingWithSpan;Program;WorkWithSpan;Default;Default;Default;Default;Default;Default;Default;Default;Default;Default;Default;Default;Default;Default;Default;Default;Default;Default;Default;Default;Default;Default;Default;Default;Default;Default;Default;Default;Default;Default;Default;Default;Default;Default;Default;DefaultJob;;1;IdleWarmup;5;10499100;4194304;2.5;0;0;0;0
Program.WorkWithSpan;StringParsingWithSpan;Program;WorkWithSpan;Default;Default;Default;Default;Default;Default;Default;Default;Default;Default;Default;Default;Default;Default;Default;Default;Default;Default;Default;Default;Default;Default;Default;Default;Default;Default;Default;Default;Default;Default;Default;Default;Default;Default;Default;DefaultJob;;1;IdleWarmup;6;10289900;4194304;2.45;0;0;0;0
Program.WorkWithSpan;StringParsingWithSpan;Program;WorkWithSpan;Default;Default;Default;Default;Default;Default;Default;Default;Default;Default;Default;Default;Default;Default;Default;Default;Default;Default;Default;Default;Default;Default;Default;Default;Default;Default;Default;Default;Default;Default;Default;Default;Default;Default;Default;DefaultJob;;1;IdleTarget;1;9623400;4194304;2.29;0;0;0;0
Program.WorkWithSpan;StringParsingWithSpan;Program;WorkWithSpan;Default;Default;Default;Default;Default;Default;Default;Default;Default;Default;Default;Default;Default;Default;Default;Default;Default;Default;Default;Default;Default;Default;Default;Default;Default;Default;Default;Default;Default;Default;Default;Default;Default;Default;Default;DefaultJob;;1;IdleTarget;2;9688100;4194304;2.31;0;0;0;0
Program.WorkWithSpan;StringParsingWithSpan;Program;WorkWithSpan;Default;Default;Default;Default;Default;Default;Default;Default;Default;Default;Default;Default;Default;Default;Default;Default;Default;Default;Default;Default;Default;Default;Default;Default;Default;Default;Default;Default;Default;Default;Default;Default;Default;Default;Default;DefaultJob;;1;IdleTarget;3;9940700;4194304;2.37;0;0;0;0
Program.WorkWithSpan;StringParsingWithSpan;Program;WorkWithSpan;Default;Default;Default;Default;Default;Default;Default;Default;Default;Default;Default;Default;Default;Default;Default;Default;Default;Default;Default;Default;Default;Default;Default;Default;Default;Default;Default;Default;Default;Default;Default;Default;Default;Default;Default;DefaultJob;;1;IdleTarget;4;9703600;4194304;2.31;0;0;0;0
Program.WorkWithSpan;StringParsingWithSpan;Program;WorkWithSpan;Default;Default;Default;Default;Default;Default;Default;Default;Default;Default;Default;Default;Default;Default;Default;Default;Default;Default;Default;Default;Default;Default;Default;Default;Default;Default;Default;Default;Default;Default;Default;Default;Default;Default;Default;DefaultJob;;1;IdleTarget;5;9730900;4194304;2.32;0;0;0;0
Program.WorkWithSpan;StringParsingWithSpan;Program;WorkWithSpan;Default;Default;Default;Default;Default;Default;Default;Default;Default;Default;Default;Default;Default;Default;Default;Default;Default;Default;Default;Default;Default;Default;Default;Default;Default;Default;Default;Default;Default;Default;Default;Default;Default;Default;Default;DefaultJob;;1;IdleTarget;6;10429600;4194304;2.49;0;0;0;0
Program.WorkWithSpan;StringParsingWithSpan;Program;WorkWithSpan;Default;Default;Default;Default;Default;Default;Default;Default;Default;Default;Default;Default;Default;Default;Default;Default;Default;Default;Default;Default;Default;Default;Default;Default;Default;Default;Default;Default;Default;Default;Default;Default;Default;Default;Default;DefaultJob;;1;IdleTarget;7;10998700;4194304;2.62;0;0;0;0
Program.WorkWithSpan;StringParsingWithSpan;Program;WorkWithSpan;Default;Default;Default;Default;Default;Default;Default;Default;Default;Default;Default;Default;Default;Default;Default;Default;Default;Default;Default;Default;Default;Default;Default;Default;Default;Default;Default;Default;Default;Default;Default;Default;Default;Default;Default;DefaultJob;;1;IdleTarget;8;10088100;4194304;2.41;0;0;0;0
Program.WorkWithSpan;StringParsingWithSpan;Program;WorkWithSpan;Default;Default;Default;Default;Default;Default;Default;Default;Default;Default;Default;Default;Default;Default;Default;Default;Default;Default;Default;Default;Default;Default;Default;Default;Default;Default;Default;Default;Default;Default;Default;Default;Default;Default;Default;DefaultJob;;1;IdleTarget;9;9908100;4194304;2.36;0;0;0;0
Program.WorkWithSpan;StringParsingWithSpan;Program;WorkWithSpan;Default;Default;Default;Default;Default;Default;Default;Default;Default;Default;Default;Default;Default;Default;Default;Default;Default;Default;Default;Default;Default;Default;Default;Default;Default;Default;Default;Default;Default;Default;Default;Default;Default;Default;Default;DefaultJob;;1;IdleTarget;10;10115200;4194304;2.41;0;0;0;0
Program.WorkWithSpan;StringParsingWithSpan;Program;WorkWithSpan;Default;Default;Default;Default;Default;Default;Default;Default;Default;Default;Default;Default;Default;Default;Default;Default;Default;Default;Default;Default;Default;Default;Default;Default;Default;Default;Default;Default;Default;Default;Default;Default;Default;Default;Default;DefaultJob;;1;IdleTarget;11;9684300;4194304;2.31;0;0;0;0
Program.WorkWithSpan;StringParsingWithSpan;Program;WorkWithSpan;Default;Default;Default;Default;Default;Default;Default;Default;Default;Default;Default;Default;Default;Default;Default;Default;Default;Default;Default;Default;Default;Default;Default;Default;Default;Default;Default;Default;Default;Default;Default;Default;Default;Default;Default;DefaultJob;;1;IdleTarget;12;9612100;4194304;2.29;0;0;0;0
Program.WorkWithSpan;StringParsingWithSpan;Program;WorkWithSpan;Default;Default;Default;Default;Default;Default;Default;Default;Default;Default;Default;Default;Default;Default;Default;Default;Default;Default;Default;Default;Default;Default;Default;Default;Default;Default;Default;Default;Default;Default;Default;Default;Default;Default;Default;DefaultJob;;1;IdleTarget;13;10346200;4194304;2.47;0;0;0;0
Program.WorkWithSpan;StringParsingWithSpan;Program;WorkWithSpan;Default;Default;Default;Default;Default;Default;Default;Default;Default;Default;Default;Default;Default;Default;Default;Default;Default;Default;Default;Default;Default;Default;Default;Default;Default;Default;Default;Default;Default;Default;Default;Default;Default;Default;Default;DefaultJob;;1;IdleTarget;14;9827700;4194304;2.34;0;0;0;0
Program.WorkWithSpan;StringParsingWithSpan;Program;WorkWithSpan;Default;Default;Default;Default;Default;Default;Default;Default;Default;Default;Default;Default;Default;Default;Default;Default;Default;Default;Default;Default;Default;Default;Default;Default;Default;Default;Default;Default;Default;Default;Default;Default;Default;Default;Default;DefaultJob;;1;IdleTarget;15;10402900;4194304;2.48;0;0;0;0
Program.WorkWithSpan;StringParsingWithSpan;Program;WorkWithSpan;Default;Default;Default;Default;Default;Default;Default;Default;Default;Default;Default;Default;Default;Default;Default;Default;Default;Default;Default;Default;Default;Default;Default;Default;Default;Default;Default;Default;Default;Default;Default;Default;Default;Default;Default;DefaultJob;;1;MainWarmup;1;947700700;4194304;225.95;0;0;0;0
Program.WorkWithSpan;StringParsingWithSpan;Program;WorkWithSpan;Default;Default;Default;Default;Default;Default;Default;Default;Default;Default;Default;Default;Default;Default;Default;Default;Default;Default;Default;Default;Default;Default;Default;Default;Default;Default;Default;Default;Default;Default;Default;Default;Default;Default;Default;DefaultJob;;1;MainWarmup;2;943900000;4194304;225.04;0;0;0;0
Program.WorkWithSpan;StringParsingWithSpan;Program;WorkWithSpan;Default;Default;Default;Default;Default;Default;Default;Default;Default;Default;Default;Default;Default;Default;Default;Default;Default;Default;Default;Default;Default;Default;Default;Default;Default;Default;Default;Default;Default;Default;Default;Default;Default;Default;Default;DefaultJob;;1;MainWarmup;3;941899600;4194304;224.57;0;0;0;0
Program.WorkWithSpan;StringParsingWithSpan;Program;WorkWithSpan;Default;Default;Default;Default;Default;Default;Default;Default;Default;Default;Default;Default;Default;Default;Default;Default;Default;Default;Default;Default;Default;Default;Default;Default;Default;Default;Default;Default;Default;Default;Default;Default;Default;Default;Default;DefaultJob;;1;MainWarmup;4;946134500;4194304;225.58;0;0;0;0
Program.WorkWithSpan;StringParsingWithSpan;Program;WorkWithSpan;Default;Default;Default;Default;Default;Default;Default;Default;Default;Default;Default;Default;Default;Default;Default;Default;Default;Default;Default;Default;Default;Default;Default;Default;Default;Default;Default;Default;Default;Default;Default;Default;Default;Default;Default;DefaultJob;;1;MainWarmup;5;940778400;4194304;224.3;0;0;0;0
Program.WorkWithSpan;StringParsingWithSpan;Program;WorkWithSpan;Default;Default;Default;Default;Default;Default;Default;Default;Default;Default;Default;Default;Default;Default;Default;Default;Default;Default;Default;Default;Default;Default;Default;Default;Default;Default;Default;Default;Default;Default;Default;Default;Default;Default;Default;DefaultJob;;1;MainWarmup;6;944342500;4194304;225.15;0;0;0;0
Program.WorkWithSpan;StringParsingWithSpan;Program;WorkWithSpan;Default;Default;Default;Default;Default;Default;Default;Default;Default;Default;Default;Default;Default;Default;Default;Default;Default;Default;Default;Default;Default;Default;Default;Default;Default;Default;Default;Default;Default;Default;Default;Default;Default;Default;Default;DefaultJob;;1;MainWarmup;7;940465000;4194304;224.22;0;0;0;0
Program.WorkWithSpan;StringParsingWithSpan;Program;WorkWithSpan;Default;Default;Default;Default;Default;Default;Default;Default;Default;Default;Default;Default;Default;Default;Default;Default;Default;Default;Default;Default;Default;Default;Default;Default;Default;Default;Default;Default;Default;Default;Default;Default;Default;Default;Default;DefaultJob;;1;MainTarget;1;941688900;4194304;224.52;0;0;0;0
Program.WorkWithSpan;StringParsingWithSpan;Program;WorkWithSpan;Default;Default;Default;Default;Default;Default;Default;Default;Default;Default;Default;Default;Default;Default;Default;Default;Default;Default;Default;Default;Default;Default;Default;Default;Default;Default;Default;Default;Default;Default;Default;Default;Default;Default;Default;DefaultJob;;1;MainTarget;2;938919400;4194304;223.86;0;0;0;0
Program.WorkWithSpan;StringParsingWithSpan;Program;WorkWithSpan;Default;Default;Default;Default;Default;Default;Default;Default;Default;Default;Default;Default;Default;Default;Default;Default;Default;Default;Default;Default;Default;Default;Default;Default;Default;Default;Default;Default;Default;Default;Default;Default;Default;Default;Default;DefaultJob;;1;MainTarget;3;939790000;4194304;224.06;0;0;0;0
Program.WorkWithSpan;StringParsingWithSpan;Program;WorkWithSpan;Default;Default;Default;Default;Default;Default;Default;Default;Default;Default;Default;Default;Default;Default;Default;Default;Default;Default;Default;Default;Default;Default;Default;Default;Default;Default;Default;Default;Default;Default;Default;Default;Default;Default;Default;DefaultJob;;1;MainTarget;4;940808800;4194304;224.31;0;0;0;0
Program.WorkWithSpan;StringParsingWithSpan;Program;WorkWithSpan;Default;Default;Default;Default;Default;Default;Default;Default;Default;Default;Default;Default;Default;Default;Default;Default;Default;Default;Default;Default;Default;Default;Default;Default;Default;Default;Default;Default;Default;Default;Default;Default;Default;Default;Default;DefaultJob;;1;MainTarget;5;1168002600;4194304;278.47;0;0;0;0
Program.WorkWithSpan;StringParsingWithSpan;Program;WorkWithSpan;Default;Default;Default;Default;Default;Default;Default;Default;Default;Default;Default;Default;Default;Default;Default;Default;Default;Default;Default;Default;Default;Default;Default;Default;Default;Default;Default;Default;Default;Default;Default;Default;Default;Default;Default;DefaultJob;;1;MainTarget;6;961976900;4194304;229.35;0;0;0;0
Program.WorkWithSpan;StringParsingWithSpan;Program;WorkWithSpan;Default;Default;Default;Default;Default;Default;Default;Default;Default;Default;Default;Default;Default;Default;Default;Default;Default;Default;Default;Default;Default;Default;Default;Default;Default;Default;Default;Default;Default;Default;Default;Default;Default;Default;Default;DefaultJob;;1;MainTarget;7;943838100;4194304;225.03;0;0;0;0
Program.WorkWithSpan;StringParsingWithSpan;Program;WorkWithSpan;Default;Default;Default;Default;Default;Default;Default;Default;Default;Default;Default;Default;Default;Default;Default;Default;Default;Default;Default;Default;Default;Default;Default;Default;Default;Default;Default;Default;Default;Default;Default;Default;Default;Default;Default;DefaultJob;;1;MainTarget;8;942753600;4194304;224.77;0;0;0;0
Program.WorkWithSpan;StringParsingWithSpan;Program;WorkWithSpan;Default;Default;Default;Default;Default;Default;Default;Default;Default;Default;Default;Default;Default;Default;Default;Default;Default;Default;Default;Default;Default;Default;Default;Default;Default;Default;Default;Default;Default;Default;Default;Default;Default;Default;Default;DefaultJob;;1;MainTarget;9;944529100;4194304;225.19;0;0;0;0
Program.WorkWithSpan;StringParsingWithSpan;Program;WorkWithSpan;Default;Default;Default;Default;Default;Default;Default;Default;Default;Default;Default;Default;Default;Default;Default;Default;Default;Default;Default;Default;Default;Default;Default;Default;Default;Default;Default;Default;Default;Default;Default;Default;Default;Default;Default;DefaultJob;;1;MainTarget;10;943298300;4194304;224.9;0;0;0;0
Program.WorkWithSpan;StringParsingWithSpan;Program;WorkWithSpan;Default;Default;Default;Default;Default;Default;Default;Default;Default;Default;Default;Default;Default;Default;Default;Default;Default;Default;Default;Default;Default;Default;Default;Default;Default;Default;Default;Default;Default;Default;Default;Default;Default;Default;Default;DefaultJob;;1;MainTarget;11;944686800;4194304;225.23;0;0;0;0
Program.WorkWithSpan;StringParsingWithSpan;Program;WorkWithSpan;Default;Default;Default;Default;Default;Default;Default;Default;Default;Default;Default;Default;Default;Default;Default;Default;Default;Default;Default;Default;Default;Default;Default;Default;Default;Default;Default;Default;Default;Default;Default;Default;Default;Default;Default;DefaultJob;;1;MainTarget;12;941908900;4194304;224.57;0;0;0;0
Program.WorkWithSpan;StringParsingWithSpan;Program;WorkWithSpan;Default;Default;Default;Default;Default;Default;Default;Default;Default;Default;Default;Default;Default;Default;Default;Default;Default;Default;Default;Default;Default;Default;Default;Default;Default;Default;Default;Default;Default;Default;Default;Default;Default;Default;Default;DefaultJob;;1;MainTarget;13;941034700;4194304;224.36;0;0;0;0
Program.WorkWithSpan;StringParsingWithSpan;Program;WorkWithSpan;Default;Default;Default;Default;Default;Default;Default;Default;Default;Default;Default;Default;Default;Default;Default;Default;Default;Default;Default;Default;Default;Default;Default;Default;Default;Default;Default;Default;Default;Default;Default;Default;Default;Default;Default;DefaultJob;;1;MainTarget;14;943569500;4194304;224.96;0;0;0;0
Program.WorkWithSpan;StringParsingWithSpan;Program;WorkWithSpan;Default;Default;Default;Default;Default;Default;Default;Default;Default;Default;Default;Default;Default;Default;Default;Default;Default;Default;Default;Default;Default;Default;Default;Default;Default;Default;Default;Default;Default;Default;Default;Default;Default;Default;Default;DefaultJob;;1;MainTarget;15;942450900;4194304;224.7;0;0;0;0
Program.WorkWithSpan;StringParsingWithSpan;Program;WorkWithSpan;Default;Default;Default;Default;Default;Default;Default;Default;Default;Default;Default;Default;Default;Default;Default;Default;Default;Default;Default;Default;Default;Default;Default;Default;Default;Default;Default;Default;Default;Default;Default;Default;Default;Default;Default;DefaultJob;;1;Result;1;931682260;4194304;222.13;0;0;0;0
Program.WorkWithSpan;StringParsingWithSpan;Program;WorkWithSpan;Default;Default;Default;Default;Default;Default;Default;Default;Default;Default;Default;Default;Default;Default;Default;Default;Default;Default;Default;Default;Default;Default;Default;Default;Default;Default;Default;Default;Default;Default;Default;Default;Default;Default;Default;DefaultJob;;1;Result;2;928912760;4194304;221.47;0;0;0;0
Program.WorkWithSpan;StringParsingWithSpan;Program;WorkWithSpan;Default;Default;Default;Default;Default;Default;Default;Default;Default;Default;Default;Default;Default;Default;Default;Default;Default;Default;Default;Default;Default;Default;Default;Default;Default;Default;Default;Default;Default;Default;Default;Default;Default;Default;Default;DefaultJob;;1;Result;3;929783360;4194304;221.68;0;0;0;0
Program.WorkWithSpan;StringParsingWithSpan;Program;WorkWithSpan;Default;Default;Default;Default;Default;Default;Default;Default;Default;Default;Default;Default;Default;Default;Default;Default;Default;Default;Default;Default;Default;Default;Default;Default;Default;Default;Default;Default;Default;Default;Default;Default;Default;Default;Default;DefaultJob;;1;Result;4;930802160;4194304;221.92;0;0;0;0
Program.WorkWithSpan;StringParsingWithSpan;Program;WorkWithSpan;Default;Default;Default;Default;Default;Default;Default;Default;Default;Default;Default;Default;Default;Default;Default;Default;Default;Default;Default;Default;Default;Default;Default;Default;Default;Default;Default;Default;Default;Default;Default;Default;Default;Default;Default;DefaultJob;;1;Result;5;933831460;4194304;222.64;0;0;0;0
Program.WorkWithSpan;StringParsingWithSpan;Program;WorkWithSpan;Default;Default;Default;Default;Default;Default;Default;Default;Default;Default;Default;Default;Default;Default;Default;Default;Default;Default;Default;Default;Default;Default;Default;Default;Default;Default;Default;Default;Default;Default;Default;Default;Default;Default;Default;DefaultJob;;1;Result;6;932746960;4194304;222.38;0;0;0;0
Program.WorkWithSpan;StringParsingWithSpan;Program;WorkWithSpan;Default;Default;Default;Default;Default;Default;Default;Default;Default;Default;Default;Default;Default;Default;Default;Default;Default;Default;Default;Default;Default;Default;Default;Default;Default;Default;Default;Default;Default;Default;Default;Default;Default;Default;Default;DefaultJob;;1;Result;7;934522460;4194304;222.81;0;0;0;0
Program.WorkWithSpan;StringParsingWithSpan;Program;WorkWithSpan;Default;Default;Default;Default;Default;Default;Default;Default;Default;Default;Default;Default;Default;Default;Default;Default;Default;Default;Default;Default;Default;Default;Default;Default;Default;Default;Default;Default;Default;Default;Default;Default;Default;Default;Default;DefaultJob;;1;Result;8;933291660;4194304;222.51;0;0;0;0
Program.WorkWithSpan;StringParsingWithSpan;Program;WorkWithSpan;Default;Default;Default;Default;Default;Default;Default;Default;Default;Default;Default;Default;Default;Default;Default;Default;Default;Default;Default;Default;Default;Default;Default;Default;Default;Default;Default;Default;Default;Default;Default;Default;Default;Default;Default;DefaultJob;;1;Result;9;934680160;4194304;222.85;0;0;0;0
Program.WorkWithSpan;StringParsingWithSpan;Program;WorkWithSpan;Default;Default;Default;Default;Default;Default;Default;Default;Default;Default;Default;Default;Default;Default;Default;Default;Default;Default;Default;Default;Default;Default;Default;Default;Default;Default;Default;Default;Default;Default;Default;Default;Default;Default;Default;DefaultJob;;1;Result;10;931902260;4194304;222.18;0;0;0;0
Program.WorkWithSpan;StringParsingWithSpan;Program;WorkWithSpan;Default;Default;Default;Default;Default;Default;Default;Default;Default;Default;Default;Default;Default;Default;Default;Default;Default;Default;Default;Default;Default;Default;Default;Default;Default;Default;Default;Default;Default;Default;Default;Default;Default;Default;Default;DefaultJob;;1;Result;11;931028060;4194304;221.97;0;0;0;0
Program.WorkWithSpan;StringParsingWithSpan;Program;WorkWithSpan;Default;Default;Default;Default;Default;Default;Default;Default;Default;Default;Default;Default;Default;Default;Default;Default;Default;Default;Default;Default;Default;Default;Default;Default;Default;Default;Default;Default;Default;Default;Default;Default;Default;Default;Default;DefaultJob;;1;Result;12;933562860;4194304;222.58;0;0;0;0
Program.WorkWithSpan;StringParsingWithSpan;Program;WorkWithSpan;Default;Default;Default;Default;Default;Default;Default;Default;Default;Default;Default;Default;Default;Default;Default;Default;Default;Default;Default;Default;Default;Default;Default;Default;Default;Default;Default;Default;Default;Default;Default;Default;Default;Default;Default;DefaultJob;;1;Result;13;932444260;4194304;222.31;0;0;0;0
